1,小黄脸
53,热词系列一
2,tv_小电视
4,颜文字
5,小电视
6,2233娘
25,罗小黑
55,剑网3・侠肝义胆沈剑心
80,阴阳师・平安物语
82,镇魂街
65,灵笼个性表情
7,蛆音娘
9,洛天依
10,小A和小B
8,芮小凸小凹
22,灵笼
12,正经人
11,请吃红小豆吧！
24,异常生物见闻录
13,星梦手记
14,冷兔
15,那兔
16,我家大师兄脑子有坑
17,喂，看见耳朵啦！
18,小绿和小蓝
19,一人之下
20,狐妖
60,炎炎消防队
88,乐正绫五周年生日
64,如果历史是一群喵
66,少前小剧场
67,天选之子
69,战双帕弥什
81,2020拜年祭
83,大王不高兴
84,崩坏3
90,百妖谱
85,大理寺日志
86,大王不高兴（套装版）
87,我开动物园那些年
89,阴阳师缘结神
3,喵
91,公主连结
92,黄绿合战5th
93,泠鸢yousa
94,墨清弦2nd生日纪念
95,双生视界・花嫁
96,碧蓝航线2020
97,明日方舟
98,萌妻食神
99,百鬼幼儿园
100,BW2020
101,洛天依8th生日纪念
102,言和7th生日纪念
103,BML云LIVE
104,天宝伏妖录
105,中国绊爱
106,雾山五行
107,hanser
108,最强蜗牛西能
109,凹凸世界
110,#EveOneCat
111,约战：精灵再临
112,-阿库娅
113,神SMea
114,新科娘
115,初音未来13周年
116,七海Nana7mi
117,元龙
118,琉绮Ruki
119,三周年恋曲
120,阴阳师海国之境
121,星座系列：天秤座
122,七濑胡桃
123,约战・狂三
124,全职高手
125,一起看电竞
127,乐正龙牙三周年
128,宇宙机器人
129,登乐V计划
130,芯觉
131,鹿乃
132,星座系列：天蝎座
133,阿萨Aza
134,天官赐福动画
135,说唱新世代
136,还有醒着的么
137,花园Serena
138,阴阳师花鸟卷
139,原神
144,Kizuna AI
145,星座系列：射手座
150,欧皇
151,黑潮之上
152,最强蜗牛
153,小沪蝶
154,偶像梦幻祭2-StarPRO日常
155,新月冰冰
156,魔兽世界・暗影国度
157,偶像梦幻祭2-第一弹
158,总之就是非常可爱
159,徵羽摩柯
160,拾忆长安・明月几时有
161,绯赤艾莉欧
162,雪未来
163,星座系列：摩羯座
164,战双帕弥什付费专享
165,2233幻星集
166,洛天依・夜航星
167,2233电子喵
168,神乐七奈
170,学习委员小沪蝶2
171,星座系列：水瓶座
172,2021拜年纪
173,菜菜子
174,多多poi
175,约战・白之女王
176,YUKIri
177,星座系列：双鱼座
178,崩坏3・天穹流星
179,进击的冰糖
181,良辰美景・不问天
182,伍六七之玄武国篇
183,我在皇宫当巨巨
184,小羊驼三三
185,第五人格
187,干物妹！小埋
186,2233白色情人节表情包
188,轻视频羊咩咩
189,星座系列：白羊座
191,希萝Hiiro
193,C酱です
195,未定事件簿
196,不思议之旅
202,名侦探柯南
204,花丸晴琉
205,星座系列：金牛座
206,椎名菜羽
207,出游季
208,一周年纪念装扮
209,七海演唱会
210,罗伊Roi
211,物述有栖
212,星座系列：双子座
213,泠鸢yousa登门喜鹊
214,FPX凤仔
218,魔兽世界燃烧的远征
219,罗小黑战记
223,BML2021
224,咩栗
225,提摩西小队
226,明日方舟音律联觉
227,乙女音
228,来古弥新
229,~るる
230,BW2021
245,嘉然今天吃什么
246,星座系列：巨蟹座
247,12周年夏日狂欢
248,夏诺雅
249,时光代理人
251,魔法学院
252,两不疑
253,屁屁鼓
254,我的爸爸是条龙
255,洛天依9th生日纪念
