1	小黄脸
2	tv_小电视
3	喵
4	颜文字
5	小电视
6	2233娘
7	蛆音娘
8	芮小凸小凹
9	洛天依
10	小A和小B
11	请吃红小豆吧！
12	正经人
13	星梦手记
14	冷兔
15	那兔
16	我家大师兄脑子有坑
17	喂，看见耳朵啦！
18	小绿和小蓝
19	一人之下
20	狐妖
22	灵笼
24	异常生物见闻录
25	罗小黑
53	热词系列一
55	剑网3·侠肝义胆沈剑心
60	炎炎消防队
64	如果历史是一群喵
65	灵笼个性表情
66	少前小剧场
67	天选之子
69	战双帕弥什
80	阴阳师·平安物语
81	2020拜年祭
82	镇魂街
83	大王不高兴
84	崩坏3
85	大理寺日志
86	大王不高兴（套装版）
87	我开动物园那些年
88	乐正绫五周年生日
89	阴阳师缘结神
90	百妖谱
91	公主连结
92	黄绿合战5th
93	泠鸢yousa
94	墨清弦2nd生日纪念
95	双生视界·花嫁
96	碧蓝航线2020
97	明日方舟
98	萌妻食神
99	百鬼幼儿园
100	BW2020
101	洛天依8th生日纪念
102	言和7th生日纪念
103	BML云LIVE
104	天宝伏妖录
105	中国绊爱
106	雾山五行
107	hanser
108	最强蜗牛西能
109	凹凸世界
111	约战：精灵再临
112	湊-阿库娅
113	神楽Mea
114	新科娘
115	初音未来13周年
116	七海Nana7mi
117	元龙
118	琉绮Ruki
119	三周年恋曲
120	阴阳师海国之境
121	星座系列：天秤座
122	七濑胡桃
123	约战·狂三
124	全职高手
125	一起看电竞
127	乐正龙牙三周年
128	宇宙机器人
129	登乐V计划
130	芯觉
131	鹿乃
132	星座系列：天蝎座
133	阿萨Aza
134	天官赐福动画
135	说唱新世代
136	还有醒着的么
137	花园Serena
138	阴阳师花鸟卷
139	原神
144	Kizuna AI
145	星座系列：射手座
150	欧皇
151	黑潮之上
152	最强蜗牛
153	小沪蝶
154	偶像梦幻祭2-StarPRO日常
155	新月冰冰
156	魔兽世界·暗影国度
157	偶像梦幻祭2-第一弹
158	总之就是非常可爱
159	徵羽摩柯
160	拾忆长安·明月几时有
161	绯赤艾莉欧
162	雪未来
163	星座系列：摩羯座
164	战双帕弥什付费专享
165	2233幻星集
166	洛天依·夜航星
167	2233电子喵
168	神乐七奈
170	学习委员小沪蝶2
171	星座系列：水瓶座
172	2021拜年纪
173	菜菜子
174	多多poi
175	约战·白之女王
176	YUKIri
177	星座系列：双鱼座
178	崩坏3·天穹流星
179	进击的冰糖
181	良辰美景·不问天
182	伍六七之玄武国篇
183	我在皇宫当巨巨
184	小羊驼三三
185	第五人格
186	2233白色情人节表情包
187	干物妹！小埋
188	轻视频羊咩咩
189	星座系列：白羊座
191	希萝Hiiro
193	C酱です
195	未定事件簿
196	不思议之旅
202	名侦探柯南
204	花丸晴琉
205	星座系列：金牛座
206	椎名菜羽
207	出游季
208	一周年纪念装扮
209	七海演唱会
210	罗伊Roi
211	物述有栖
212	星座系列：双子座
213	泠鸢yousa登门喜鹊
214	FPX凤仔
215	舰长
218	魔兽世界燃烧的远征
219	罗小黑战记
223	BML2021
224	咩栗
225	提摩西小队
226	明日方舟音律联觉
227	乙女音
228	来古弥新
229	雫るる
230	BW2021
237	贝拉kira
245	嘉然今天吃什么
246	星座系列：巨蟹座
247	12周年夏日狂欢
248	夏诺雅
249	时光代理人
251	魔法学院
252	两不疑
253	屁屁鼓
254	我的爸爸是条龙
255	洛天依9th生日纪念
256	美波七海
257	呜米
258	星座系列：狮子座
259	中国绊爱2nd纪念
260	古守血遊
261	小希小桃
262	PinoQ
263	夏日冰品
264	星尘
265	工作细胞
266	早稻叽
267	2233十一周年纪念
268	白神遥Haruka
269	百妖谱2
270	CHE
271	星座系列：处女座
272	帕里
273	小东人鱼
274	田中姬铃木雏
275	萌宠狗狗
276	怪盗基德
277	阿梓
278	FPX凤仔第二弹
279	青蛇劫起
280	泰蕾莎
281	花园Serena2
282	Overidea
283	EveOneCat2
285	大会员5周年
287	少年歌行
288	向晚大魔王
289	RNG战队
290	EDG战队
291	FPX战队
292	LNG战队
293	LPL出征
295	我的音乐你听吗
297	雪绘
299	早见saki
300	坎公骑冠剑
301	仙王
302	恋乃夜舞
307	奥特曼初升之光
312	永雏塔菲
318	猫灵相册
319	姬拉KIra
320	草莓大福
321	银杏鎏金
324	萌妻食神2
325	狼队
326	AG超玩会
327	星有野
328	烈火浇愁
329	未来有你5周年
330	奈姬niki
331	花花雪精灵
332	有栖mana
333	乃琳Queen
334	小缘
335	蓝色时期
336	逍遥散人
337	镜音铃·连
338	蔬菜精灵
339	珈乐Carol
340	洛天依十周年
343	月隐空夜
344	拜年纪2022
345	张AiNi和老E
346	异想少女
347	喵铃铛
348	查理苏
349	陆沉
351	我的小铺
352	巡音流歌
353	枕边童话
356	狼行者
357	夏鸣星
358	齐司礼
359	萧逸
360	新月冰冰!
361	KAITO
362	绊爱第二弹
363	Hiiro二周年
364	千从狩
365	星宫汐
366	崩坏学园2
367	小魔头暴露啦！
368	叶
369	扶桑大红花
370	暹罗猫小豆泥
371	非正式会谈
372	国王排名
373	小可学妹
374	Akie秋绘
375	天涯明月刀伙伴
378	时空之隙
379	测不准的阿波连同学
380	嘉然个性装扮2.0
381	星瞳
382	请吃红小豆吧
383	时光代理人周年纪念
384	屁股鸟
385	最后的召唤师
386	凹凸世界第二弹
387	hanser动物套装
388	切茜娅Chelsea
390	蔬菜精灵第二弹
391	狼队第五人格
392	天涯明月刀太白
393	天涯明月刀唐门
394	天涯明月刀真武
395	天涯明月刀神威
396	天涯明月刀丐帮
397	天涯明月刀天香
398	天涯明月刀移花
399	天涯明月刀五毒
400	天涯明月刀神刀
401	天涯明月刀从龙
402	穆小泠
403	君有云
404	暂停！让我查攻略
405	眞白花音
406	姆明
407	喵铃铛轻松一刻
408	天官赐福花怜生日快乐
409	茉吱Mojuko
410	约战4
411	Gon的旱獭
412	蕾尔娜Leona
413	凡人修仙传
414	奶龙
415	向晚2.0
416	最终幻想14
417	沉默寡言白河愁
418	高田熊和高田狗
419	喜羊羊·筐出未来
420	蓝精灵
421	伍六七
422	尼奈
423	战双帕弥什2
424	张京华
425	虚拟偶像男团LASER
426	虚拟偶像男团MANTA
427	七海地雷套装
428	冰糖IO 蜕变·闪耀
429	魔法美少女ZC
430	鹿乃桜帆
431	Cheers UP Emoji
432	黑之召唤士
433	萌宠小鼠
434	沙滩泳池派对
435	夏日露营季
436	夏日美食
437	夏日音乐会
438	游戏时光
439	重返未来
440	猫雷Nyaru
441	海伊
442	剑与远征
443	夏日青春欧皇套装
444	夏日限定宅家手册
445	传统美食
446	装扮二周年
447	SpaceApe
448	Wild Huntress
449	CatMan
450	SpaceMan
451	Van Gogh
452	Shaggy Boy
453	汉化日记3
454	Mysta Rias
455	Vox Akuma
456	Ike Eveland
457	Luca Kaneshiro
458	Shu Yamino
459	Skate Boy
460	Bonjour Girl
461	Adorable Girl
462	食草老龙被冠以恶龙之名
463	BML2022装扮套装
464	哔哩哔哩舞蹈嘉年华
465	仙剑奇侠传七
466	团团奇米莫
467	陆鳐LuLu
468	幕末替身传说
469	沈剑心第三季专属装扮
470	崩坏3·光辉矢愿
471	贝拉个性装扮2.0
472	灵魂潮汐周年庆典
473	阿萨Aza-多面体
475	童话系列·胡桃夹子
476	懒懒兔
477	東雪蓮
478	香香软软的小泡芙
479	少年Pi
480	梦音茶糯
481	BLG布噜噜
482	魔兽世界 巫妖王之怒
483	长草颜团子
484	永雏塔菲·1883
485	干杯！嫦娥兔
486	靠你啦！战神系统
488	木糖纯最后的花嫁
489	Muse Dash
490	线条小狗
491	黑门
492	萌节六周年装扮
493	NoWorld
494	泠鸢yousa十周年
495	小彼索
496	秦淮八艳-小宛
497	刺客信条15周年
498	广州TTG
499	纳豆 nado
516	装扮小姐姐·秋日午后
517	阿梓从小就很可爱新装扮
518	2233人生百戏·牡丹亭
519	Asaki大人
520	东爱璃Lovely
521	EDG·2022LPL出征
522	JDG·2022LPL出征
523	RNG·2022LPL出征
524	TES·2022LPL出征
525	明前奶绿
526	PSG.LGD
527	RNG DOTA2战队
528	DOTA2  2022年国际邀请赛
529	点满农民相关技能后，不知为何就变强了
530	陆夫人的Flag园
532	暹罗猫小豆泥 · 遇见泥
533	一二和布布
534	炼气练了3000年
535	胡桃Usa
536	明日方舟·音律联觉-灯下定影
537	DOTA2 dodo
538	童话系列·阿拉丁
539	猫不理咖啡
540	花木兰
541	兰音Reine
542	NHOT BOT首套专属装扮
543	仓鼠
544	蕾蕾大表哥
545	CEN
546	守望先锋
549	哈哈202839
550	杨戬
551	bili_22914509123
552	塔克Tako-时湖万象
553	肥肥鲨
554	瀬兎一也
555	小蝙蝠呜呣呜呣
556	小小约yoo
557	足球啦啦队
558	BURBERRY
560	怕上火暴王老菊（充电）
561	眠眠兔
562	乖巧宝宝
563	红叔
564	星汐seki
565	小鲨鱼
566	牧场少女谬可可
567	希月萌奈（充电）
569	魔道祖师
570	小樱花and小年糕
579	蜜桃猫
580	旌旗卷平川
581	三团幼稚园
582	茶茶龙
583	奶油兔
584	ROUTINEARSON
585	籽岷（充电）
586	乃琳个性装扮2.0
587	废柴狐阿桔
588	莞儿睡不醒
589	露早GOGO
590	米诺高分少女
591	柚恩不加糖
592	虞莫MOMO
593	猫诺装扮套装
594	小柔Channel
595	蛋酒一家
596	妹子与科学
597	小鸟芋圆
598	万圣节的新娘
599	2233人生百戏·梁祝
600	两不疑2
601	偶像梦幻祭2周年
602	非人哉
603	我是大神仙
604	茶啊二中居居男孩日常
605	团团猫
606	卡慕SaMa
607	折原露露（充电）
608	银河之心
609	冬季小企鹅
610	冬季北极熊
611	喜迎2023
612	中老年2.0
613	龙女·月星沉
614	圣诞2022
615	天气
616	狼人杀
617	阿山和他的小伙伴们
618	配音演员小N
619	九重紫
620	2022王者荣耀世界冠军杯
621	武汉eStarPro
622	shoto
623	雫るる制服ver.
625	小怪兽
626	装扮小姐姐·偶像舞台
633	兔子镇
635	元气O崽
636	黑鸦鸦
637	陆鳐LuLu（充电）
638	暖暖十周年
639	米洛与米姐姐的冒险
640	小紫才没有摸鱼
641	猫咪公寓
642	2022王者世冠限时
643	古剑奇谭三·无所朝夕
644	焦绿猫
645	装扮小姐姐红墙踏雪
646	三体
647	十字架与三棱锥
648	2233赛博朋克
649	2233山海故事
650	冬日颂歌欧皇套装
651	2233暗黑童话
652	汤圆酱
653	穆小泠Official（充电）
654	黑猫大少爷
655	钉宫妮妮Ninico（充电）
657	仙王第二弹
658	绘之音（充电）
659	早稻叽潮妹
660	装扮小姐姐梦幻冬季
661	天曰小雏圣诞
662	冷兔宝宝
663	王牌御史
664	冥冥meichan
666	巴萨俱乐部
667	Beanz Emoji
668	可爱联盟
669	克里米亚野生动物园（充电）
670	雪狐桑生日纪念
671	UZI
672	传武
673	桃桃喵和荔枝喵
674	哈娜hanna
675	万圣街
676	Stella和Dianna
677	暖雪
678	小王子
679	虎皮喵一家
680	魔狼咪莉娅
681	M木糖M
683	高田熊圣诞特辑
685	啵啵小狗341（充电）
688	还有醒着的么2.0
689	狸喵唤！太子
696	邓峰萌萌
697	双王
698	鬼刀风玲
699	百变星瞳
700	阿狸
701	人生百戏-白蛇传
702	蓝溪镇
703	小矛动物园
704	萌妹
705	扇宝
706	穿越西元3000后
707	想见你
708	黄油小狗
709	天线宝宝
710	线条小狗圣诞
711	我的世界
712	喵来啦
713	蜜汁工坊（充电）
714	初音未来圣诞快乐
715	折原露露-向日葵的约定
717	武炼巅峰
718	鬼刀海琴烟
719	高能手办团
720	Yommyko
721	一猫人
723	小铃久绘
724	momo鸡
725	双生幻想
726	面具古墓
727	决战平安京
729	粉红兔子
731	饭粒猫·跨年特辑
732	adogsama秋
733	吾皇巴扎黑
734	入幕之臣
735	奇魔猪
736	两米兔和两斤兔
737	暖暖狐
738	呆呆小可爱
739	小熊奶黄包
740	柿柿如意
741	墩墩兔
742	杜松子Gin
743	美妆妖精
744	龙兔兔
745	qiqi
746	桂客盈门
747	小丫丫
748	永雏塔菲（充电）
749	nono狗
750	鸽子球
751	哈利波特：魔法觉醒
752	可爱团子
753	甄嬛传系列
754	花卷羊
755	星尘的新年祝福
756	星律动
757	中国奇谭
758	天气愈报
759	2023拜年纪
760	新春特辑·糖心小憩
761	新春特辑·心动约会
762	量子少年-慕宇
763	新春特辑·梦幻甜蜜限定套装
764	小黄人大眼萌
765	我牌哪去了（充电）
766	崩坏3·终焉归始
767	新春特辑·年兽套装
768	功夫熊猫·大展宏兔
769	V我
770	神都夜行录
771	章鱼小Q
772	兔崽大长腿
773	希月萌奈
774	洛少爷
777	鹿鸣
778	米奇欢笑多
779	2233兔年新春
780	五橙喵 · 玉兔迎春
782	Merry
783	兔年吉祥東雪蓮
784	新春抽赏-慕宇
785	新春抽赏-希月
786	新春抽赏-奈奈莉娅
787	新春抽赏-Bao
788	爱宠大机密·喜迎兔兔
789	疯狂兔子宇宙博物馆
790	Bao新春装扮
791	熊出没
794	可爱联盟新年
795	奈奈莉娅
796	唐人街探案3
797	要来点米米子么
798	HuangFuRen（充电）
799	肥肥鲨打工人
800	黑泽诺亚NOIR
801	蜡笔小新
802	Tingus
803	pop子和pipi美
804	咖喱饭
805	C酱兔兔纪念装扮
806	童话系列·豌豆公主
807	心灵侦探明柏辰（充电）
808	装扮小姐姐樱花
809	艺术猫咪
810	迪士尼经典·全站热恋
811	糖粽兔兔表情包
812	彩虹宇航员
813	西湖印
814	mikko
815	郁金香星球
816	美月もも
835	烛灵儿Hikari
836	艾露露装扮表情包
837	笙歌
838	甜点师奶茶熊
839	牧牧白-万有引力
840	王蓝莓表情包
841	黑白猫
842	悲伤蛙表情包2
843	肥肥鲨情侣篇
844	游乐园表情包
845	缺德猫
846	周末小狼
847	赛博纪元
848	恋恋海蓝色
849	宅狐小藏的日子表情
850	萌二崽崽的春天图
851	奇魔猪猪仔表情包
852	原神-须弥
853	发射小人表情包
854	敷衍熊
855	塞满Sama（充电）
856	无语叽仔
857	缺德猫炫彩版
858	The Boba Family 奶茶一家
859	鬼刀风曳表情包
860	小恐龙吧唧
861	微雨临安
862	花月小熊座
863	山海异兽-白泽
864	黑粉告白漫
865	搞怪白阿鹅2
866	猫右-表情包
867	普通小狗表情包
868	暴富糖粽兔兔表情
869	九阙风华
870	偏爱星河梦
871	女仆兔耳漫
872	名剑冢表情包
873	油画星球
874	对你百无禁忌
875	寄山色
876	前兔无量
877	棠间月
878	悲伤蛙表情包
879	呆呆鲨
880	春季特辑·二月律动
881	春季特辑·鹿鹿套装
882	熊非熊
883	鬼刀小绿表情包
884	病娇爱抖露
885	萌二武侠篇表情包
886	雨后晴空
887	魔法狐狐大集结
888	白鹅的小白熊
889	猫之宿约者-顾崧
890	富有的史高治
891	Lirin兔耳娘表情包
892	mikko樱花季
893	Tusaml微笑兔表情包
894	粉色兔几表情包
895	野萌君表情包
896	秋凛子Rinco
897	普通小狗少女系
898	花卷铃兰
899	零之战线米格
900	禁忌之外
901	狐璃璃
902	小呀小辣鸡-表情包
904	鲨鱼娘小落
905	可爱鲨鲨
906	JOY日常
907	见习小魔女
908	春季特辑·春日限定花园蜜语
909	山河忽晚
910	甜亚猫兔
911	甜甜草莓星
912	春季特辑·暖春双人游
913	小龙格林表情包
914	智者不入爱河呀
915	白熊绵绵子-表情包
916	油画海岸线
917	晚安小猫 膨胀版
918	亚系电玩猫少女
919	一品芝麻狐
920	喵喵漫游
921	黄油小狗春日篇
922	野萌君的幻想
923	提摩西小队第二弹
924	两米兔两斤兔之春日游园会
925	mikko的日常表情
926	念尔在黄昏
927	手写情书漫
928	nono狗的绿色花园
929	星辰的见习魔女
930	满眼爱意-表情包
931	小突兔-表情包
932	治愈星球
933	年糕猫猫
934	樱花相簿
935	涂鸦王国·苹果狗
936	漫画正太
937	涂鸦咕咚
938	猫咪团团
939	眠眠少女漫
940	cheesee可爱星球
941	爱意此刻弥散
942	线条小狗-踏青篇
943	饭粒猫-童话篇
944	小汪款款（充电）
945	画舫烟中浅
946	软糯喵喵-表情包
947	萌星眠眠兔
948	萌系熊猫
949	Lirin兔耳娘 双子座
950	只对你有感觉
951	八桦蜂吻
952	搞怪咖咖熊
953	小狐狸
954	人间皆浪漫
955	鲨猫-
956	万圣街好友
957	熊熊便利贴
958	魔法狐狐小白春游记
959	Pink粉狐娘
960	心动软萌女仆
961	和兔兔一起郊游吧
962	粉漫小魔女
963	软萌兔-表情包
964	追光少年
965	可爱鲨鲨漫
966	balance garden
967	龙腾九霄
968	林子喵
969	表情包_星座恋曲·双鱼鱼
970	妙蛙理子表情包
971	茭白柒的个性装扮
972	三三niko·遇见纯白
973	黎歌表情包
974	可妮koni
975	纱耶sayo·白情表情包
976	NIYA表情包
977	唠嗑区UP主专属装扮
978	进化之实 踏上胜利的人生
979	幽乜Yume白色情人节表情包
980	吃肉包的怂鼠-少年幻想
981	不稳定发电机
982	果奈suki·遇见纯白
983	江壹纯·白情表情包
984	草莓猫Taffy
985	白情莱妮娅
986	生命幻象表情包
987	麻尤米mayumi
988	表情包·白情装扮·虚拟小萨
989	红晓音
990	鹿野灸
991	吕和今个性主题表情包
992	展麟个性主题表情包
993	星月小黑猫
994	neko喵
995	奶泡冰阔乐
996	O崽 Lazy Dog
997	灰粉喵少女
998	蝶梦少女空空姬
999	神经兔日常
1000	恋爱告急
1001	步玎Pudding
1002	蜜桃和灰灰 春游记
1003	Ame表情包
1004	赫卡
1005	半夏小狐仙
1006	樱粉眠眠兔
1007	打工呆呆鲨
1008	魔法狐娘 暗影狐Rose
1009	傲娇少女漫
1010	甜宝小猪-表情包
1011	夜樱协奏曲
1012	画里青梅
1013	等爱的讯号
1014	搞怪幸运鹅鹅
1015	猫耳开关
1016	非人哉咖啡馆
1017	墩墩猪
1018	@黎之恒（充电）
1020	鬼刀风玲午后-表情包
1021	山月流樱
1022	catzz 雨夜
1023	阴晴不定失败羊
1024	糯糯鸭
1025	漆黑黑小黑猫
1026	可爱萌虎
1027	懒懒兔樱花季
1028	牧场少女谬可可·贴贴时光
1029	老骚豆腐
1030	地雷系少女蕾蕾子
1031	老骚豆腐1.0
1032	春日幸运兔
1033	塔罗牌少女
1034	冷兔小情绪
1035	Lirin兔耳娘 夏日限定
1036	春海记忆
1037	稻荷的祭典
1038	春日宴
1039	唠点历史（充电）
1040	海盐猫少年
1041	绿色小草
1042	神的星期天
1043	亚系天使
1044	春日派送中...
1045	白鹅的小白熊·第二弹
1046	星籁之梦
1047	病娇的桐乃酱
1048	小恶魔少女
1049	蓝莓少女
1050	蔚蓝的降临
1051	土豆喵
1052	夜幕邀约
1053	克克莉丝表情包
1054	被解雇的暗黑士兵慢生活的第二人生
1055	好运鼓腮兔
1056	棕色小狗念念和巧巧
1057	小丧居和波仔-猪猪生活
1058	极简黑白
1059	甜系少女
1060	小馒来啦
1061	小海和阿懒
1062	月光猫娘1
1063	老实憨厚的笑笑
1064	林表情
1065	暴躁小黑喵
1066	洛天依幻游世界
1067	缱绻初恋
1068	二哈萌柴
1069	海盐色少年
1070	纸上竹马
1071	可爱少女小园酱
1072	少女眠眠兔
1073	樱海梦故里
1074	心动小狐娘
1075	脑斧仔-表情包
1076	甜莓果冻兔
1077	笨笨猪
1079	极简粉白
1080	可爱米糕
1081	夏日小荷
1082	猫之宿约者
1083	黑白女仆漫
1084	小柯基-春游篇
1085	鬼刀海琴烟午后-表情包
1086	神烦鸟-表情包
1087	一品芝麻狐 小情绪系列
1088	星籁梦夜
1089	电玩少女黑桃酱
1090	妙影轻音
1091	小猫喜欢你
1092	奶绿小甜妹
1093	小只芋的装扮
1094	赚小笼包的洋雇员酱
1095	兔兔茶话会
1096	古色花香洛天依
1097	灰原哀
1100	柠檬派陪你度过漫长岁月
1101	椰奶Yana_灵鱼椰
1102	群里有猪
1103	夜猫少女漫
1104	复古小可爱
1105	宅小久喵喵
1106	三剑士
1107	蠢萌小叽仔
1108	有些故事没讲完
1109	软萌猫仆娘
1110	怂木猫舍
1111	茶鸣拾贰律
1112	星相娘的日常
1113	甜茶郁金香
1114	去寄封信吧
1115	女仆Kana酱
1116	可爱阿鲨
1117	熊猫女仆漫
1118	仓鼠君阿噗
1119	呆呆白阿鹅
1120	migao cat
1121	可爱粉萌兔
1122	一二与布布 星光篇
1123	愉悦恶魔兔兔
1124	雪融 雅洁狐仙
1125	暖色奶茶兔
1126	米饼Misa（充电）
1127	三眼仔系列-星际好时光
1128	蜜可miko
1129	可爱联盟春日篇
1130	2233赏樱时节
1131	脑洞波系列主题装扮-向晚
1132	江南烟雨·竹妹-表情包
1133	以闪亮之名
1134	草莓物语
1135	闪光小偶像
1136	棉花兔兔
1137	愚人节·小妖怪大作战
1138	黑发喵娘Mio
1139	普通小狗系列 秘密花园
1140	郊游啦暖暖狐
1141	猫耳咖啡厅
1142	兔克-表情包
1143	熊猫病娇少女
1144	酷仔八万
1145	愚人节特辑·落跑甜心
1146	VirtuaReal皓月表情包
1147	VirtuaReal朗星表情包
1148	VirtuaReal耀光表情包
1149	愚人节特辑·2233绮幻乐园
1150	拾光樱之少女-表情包
1151	奶蓝梦境
1152	樱花狐少女
1153	极简蓝白
1154	云朵小白狗
1155	桂雨江南·杭州
1156	momo酱不哭
1157	愚人节特辑·小丑鱼奇幻冒险
1158	愚人节特辑·酒馆魔术师
1160	大会员粉豆人
1161	软糯汪蛋
1162	黑桐谷歌
1163	怪诞奇想活动专属表情包
1164	6699愚人节限定
1165	打工小丑人
1166	小丑先生
1167	猫咪天才炼金术师
1168	小丑猫阿啵啵
1169	星球旅行者
1170	阿柴枸杞
1171	魔女念念
1172	线条小狗-运动篇
1173	有病得治-表情包
1174	魔鬼猫-欢乐愚人节
1175	鱼人小分队
1176	彼方荣光在
1177	尼比陆
1178	表情涂鸦
1179	Lemon的柠味夏日
1180	团团猫 樱花季
1181	普通小狗
1182	瓦尔基里
1183	靛蓝猫耳娘
1184	鲸鱼BoBo
1185	v我疯狂喵喵
1186	卡娜赫拉的小动物
1187	子言姐姐
1188	小魔女kiva
1189	雪虞逢春
1190	春日棕棕熊
1191	猫系女友
1192	预知梦
1193	魔法狐狐·大画家柴柴狐
1194	糖糖兔
1195	24节气·春分
1196	春日与绿野
1197	你的影月月（充电）
1198	领结猫
1199	正太黑白寒
1200	元気鲨鱼少女
1201	一二和布布日常篇
1202	樱粉眠眠熊
1203	邂逅花团团
1204	兔耳女仆
1205	狐式预警
1206	兔若星辰花
1207	快乐万圣街
1208	屁屁鼓水果派对
1209	可爱生物
1210	炽火龙娘
1211	软软兔女漫
1212	大脸三花
1213	可爱兔熊
1214	兔崽崽的春日浪漫
1215	去折纸船吧
1216	岚岚冰莓恋Lan
1217	断罪者
1218	姬夜Friyal
1219	挤挤小兔叽
1220	学霸的高光小日常
1221	庭苑茶会
1222	可爱的猫猫萌
1223	幸运小黑猫
1224	去骑车车吧
1225	简约拟态蓝
1226	三月折柳
1227	梦境夏蝶
1228	幻想乡的日常 第1弹
1229	仓仓的樱花世界
1230	白熊少女咖啡馆
1231	望月希咏
1232	水韵鹤礼
1233	白狐少女
1234	团团喵
1235	复古猫耳少女
1236	缺德猫·缺德家族
1237	可爱猫猫
1238	明月知我心
1239	猪猪樱花季
1240	铃芽之旅
1241	平家物语：犬王
1242	赛尔号SEER ROBOT
1243	兽耳娘Kiki
1244	圆鸽子
1245	芝士奶油蛋崽-表情包
1246	心动热恋
1247	可爱小黑猫
1248	小动物出游
1249	魔法狐狐·太空漫游记
1250	心动少女复古恋
1251	敲萌少女心
1252	鬼刀飞鸟与画-表情包
1253	早安蛋蛋的游泳圈
1254	抽抽猪
1255	落日之约
1256	李林克的小馆儿· 一日三餐
1257	音乐人冰果
1258	甜亚天使兔
1259	我家大师兄有点靠谱 
1260	杦子困zzZ
1261	读书小狗
1262	薇拉Vera 糖果ver
1263	魔法小螈
1264	猫耳女仆酱
1265	小仓鼠
1266	狼的盛宴
1267	古灵精怪
1268	白桃味kola
1269	夏日浅光
1270	落樱爱恋
1271	秋野AKINO
1272	Lucky兔兔
1273	魔女的日常
1274	暗黑萝莉
1275	星座恋曲·白羊羊
1276	猫耳攻势
1277	微风半夏Uyi
1278	浅风漫游记
1279	Lirin兔耳娘 甜蜜的诱惑
1280	茶茶龙的馋嘴日常
1281	今夕是何年
1282	最最可爱的熊猫猫
1283	奶油兔-宅宅日常
1284	简约克莱因蓝
1285	玩具总动员
1286	木木
1287	郁金香的约定
1288	后花园的少女
1289	浪漫限定
1290	百合弦音
1291	快乐就是吃好吃的吖
1292	眠眠兔的小日常
1293	跨次元的爱
1295	兔耳酱的魔法限定
1296	金风玉露一相逢
1297	下里巴熊-表情包
1298	乐正绫八周年生日纪念
1299	女仆 Kana酱
1301	摇曳露营2
1302	有兽焉表情包
1303	宇宙子的上学路
1304	清凉呆呆鲨
1305	爱弥散海滨
1306	你的专属小熊
1307	甜美少女漫
1308	Alices的夏日学院风
1309	十二生肖·鼠鼠我啊
1310	春日花奈子
1311	鸭嘴兽男孩
1312	蘑菇点点
1313	简蓝小白兔
1314	爆蛋-表情包
1316	我们是冠军表情包
1317	蓝莓酸奶-表情包
1318	天空下约定
1319	现世的霓虹
1320	鸭嘴兽宝贝
1321	犬系女孩樱花季
1322	花花的奶油熊兔
1323	绯樱少女
1324	可爱兔日常
1325	墨宝
1326	像素世界·暗夜协奏曲
1327	猫之茗第二季
1328	赘婿动画表情包
1329	风灵玉秀收藏集表情包
1330	樱花未来
1331	鬼刀舞会-表情包
1332	露比的裁缝铺
1333	有关烤棉花糖与流星的梦
1334	旧日塔罗
1335	小黑猫的快乐假日
1336	独角兽kukukiki
1337	青松的小情绪
1338	fa漠的小花园
1339	咒术回战
1340	快把我哥带走
1341	闲游小花仙
1342	星之传说
1343	黑甜少女病娇娘
1344	春日私语
1345	无数梦境纪念装扮
1346	何处惹尘埃
1347	温泉猫猫
1348	咕咚幸运草
1349	猫猫少女漫
1350	森林小动物乐队
1351	普通小狗 童话镇
1352	美乐蒂
1353	酷洛米 大人
1354	梦幻Hello Kitty
1355	美乐蒂 粉色时光
1356	甜蜜魔法
1357	冰蓝恋少女
1358	粉粉兔兔荡秋千
1359	镜花水月般的相遇
1360	像素布莱克
1361	十二生肖·小虎等风来
1362	黄昏列车
1363	樱花树下的游乐园
1364	普通小狗·夏日出游
1365	OK绷亚妹
1366	小恶魔阿库玛
1367	三丽鸥可爱全家福
1368	林子小姐姐
1369	和团子一起赏樱
1370	打工阿鲨
1371	奈乃花Nanoka
1372	大耳狗
1373	千禧辣妹酷洛米
1374	布丁狗
1375	三丽鸥家族 粉系爱神
1376	华强买瓜第一弹
1377	简线莫兰迪色
1378	小狼·阿加莎
1379	十二生肖·可爱牛牛
1380	catzz 少女心事
1381	可爱小白熊
1382	逆天战纪
1383	深海人鱼姬
1384	多彩小怪兽
1385	亚系兔兔
1386	CATZZ 星际幻想
1387	24节气·谷雨
1388	草莓花田兔
1389	希灵纪元
1390	疯狂动物城表情包
1391	无期迷途表情包
1392	百妖谱 · 三周年纪念
1393	萌百娘
1394	兔耳娘Lirin 制服控
1395	团团小狐狸
1396	尘沙三千里
1397	catzz 夕阳恋歌
1398	帕恰狗 可爱满满
1399	catzz 追光少女
1400	软萌兔 夏日限定
1401	清凉豹豹
1403	Banz
1404	鲸鱼BoBo 快乐夏天
1405	一年好景
1406	葵花林下
1407	奶蓝少女番 第二弹
1408	nono狗 游乐园
1409	最最可爱的熊猫猫2
1410	樱语醉花期
1411	山海经·神兽
1412	生日快乐
1413	区区不才 在下野怪 表情包
1414	地雷少女
1415	萌萌鸽子大王
1416	萌趣卜可
1417	歪头布偶猫
1418	十二生肖·冷水兔泡温泉
1419	毕业季·乘风飞来
1420	干饭小黑猫
1421	面包鼠小呆
1422	武林不二周刊
1423	女神有点灵表情包
1424	秦博雅-最初之作
1425	海洋生物鳐鱼君
1426	Animal萌萌们
1427	甜亚Poni猫
1428	十二生肖·寻宝小龙
1429	水水水豚君表情包
1431	BLG青春风暴表情包
1432	爆笑虫子表情
1433	小黑猫
1434	芭蕾情书
1435	熊熊小米粒
1436	三丽鸥家族 海洋童话
1437	不鸭不咋样的生活
1438	狍小坑-没钱篇
1439	普通小狗 夏日游园会
1440	魔法小狗D.O
1441	真里子Mariko收藏集
1442	倒数说爱你之拜吉兔兔
1443	奶牛猫憨宝
1445	童话系列·小王子
1446	淩钰Official-表情包
1447	火凤燎原
1448	穆小泠·春日音乐会
1449	迪士尼系列·春日漫游
1450	火凤燎原三国群英集
1451	火西肆·春日音乐会表情包
1452	天宝伏妖录2
1453	凛表情包
1454	星川铃表情包
1455	银杏Kyou春日装扮表情包
1456	阿绿表情包
1457	林莉奈春日表情包
1458	鲸落落raku
1459	花雨春绘2
1460	Minicatty
1461	眠眠兔的百变夏日
1462	汪柴主
1463	猫猫发疯文学
1464	三丽鸥家族
1465	漂洋过海
1466	小马与阿比
1467	林宝
1468	仙剑·李逍遥
1469	可爱君奉天表情包
1470	天官赐福·漫画纪念装扮
1471	小花仙十三周年庆
1472	kk-9700 表情包
1473	巧心酱
1474	团小哈 春日有你
1475	万物皆可兔之兔年限定
1476	纯爱物语
1477	夏日林荫
1478	鸽几HoHo
1479	橘猫小雪in拂晓家·春日篇
1481	心动情人节
1482	阿鲨的假期
1483	鬼刀·风玲微醺
1484	Loopy
1485	居居喵丶
1486	风吟蝶 春日限定 表情包
1487	激辣味噌·春日音乐会表情包
1488	伊梦表情包
1489	林亚表情包
1490	露米Lumi表情包
1491	仓鼠松鼠
1492	樱时祈愿
1496	蝶舞
1508	阿蕊娅的表情包
1509	江崎·春日歌会装扮
1510	阿芙涅尔Nier·春日歌会装扮
1511	Sora神奈酱 初夏限定
1512	星蚀_Finsternis
1513	小葵的表情包
1514	早凉
1515	狂小豆
1516	你好 布丁狗
1517	字母篇
1518	mikko 浪漫花林
1519	0宸受难记
1520	猫猫工作日
1521	嗷呜小萌星
1522	樱落春归去
1523	帕恰狗 星光
1524	兔FaFa的爱情呀
1525	休闲小黑猫
1526	夏天y
1527	劳动节·章鱼大扫除
1528	捣蛋但丁兔
1529	可爱小黄豆
1530	小咕噜的星辰大海
1531	生如夏花
1532	酷洛米的魔法时刻
1533	光之少年
1534	初夏的心动
1535	机械魔鬼猫
1536	犬系女孩花海季
1537	虚幻的权杖
1538	摇光
1539	花末表情包
1540	卷卷猫的日常
1541	2233城堡公主
1549	心动环游记专属表情包
1550	愿望成真 生日快乐2
1551	2PP粉红兔
1552	panda的快乐假期
1553	四大名著·红楼梦
1554	兔兔茶话会 第二弹
1555	猫娘Lydia-机械之心
1556	但愿人长久
1557	聊斋画境 甄后
1558	G2·2023 Major限定表情包
1559	帕米尔Pamirs
1560	520特辑·心动情人节
1561	JDG坚定信仰表情包
1562	博物汉字·甲骨文小人
1563	见习魔女法则
1564	皮呦 piyo
1565	漫游HAMI蜂
1566	章章梦工厂
1567	鲨猫2
1568	快乐小狗-豆子与乐乐
1569	小猫咪金的没烦恼
1570	一只麻团·冬日回忆
1571	喵娘粉音律
1572	大耳狗 甜品时刻
1573	仙雅阁 晚枫予你
1574	爱意随风起
1575	星际乐章Melody
1576	猪小屁喜欢你
1577	孤独频率
1578	BLG表情包
1579	草莓熊
1580	脑洞波系列主题装扮-贝拉
1581	星野月寒
1582	春雪祈愿
1583	领带少女漫
1584	聊斋画境 画壁
1585	24节气·立夏
1586	酷洛米与巴库
1587	乌漆嘛黑鸦
1590	秘境花嫁
1591	绝症孜然
1592	蜜桃猫情侣篇
1593	颜料小狗
1594	小小魅魔
1595	十二生肖·小青与小白
1596	星光六角螈
1597	恐龙奇奇
1598	大话西游 一生所爱
1599	青春期可爱
1600	爱上她的理由
1601	万圣街1031
1602	叫我王小宝就行
1603	普通小狗 绵羊日
1604	魔法狐娘·沙滩排球
1605	西游姬之猪八戒
1606	粉嫩小小兔
1607	好事花生猪
1608	不止考古·我与三星堆
1609	粉红限定
1610	蓝色小羊
1611	三团
1612	西游姬之三太子
1613	蓝色青春
1614	夏日狂欢 幸运星座篇
1615	清凉度假日
1616	鲸过
1617	KAKAO FRIENDS
1618	唐老鸭
1619	小只芋·生日装扮
1620	泡面的奇幻童话森林
1621	赤色彩的调和
1622	心情日记
1623	ENFP-面包体动物园
1624	今天吃什么
1625	披着狼皮的羊
1626	久保同学不放过我
1627	夏日甜心
1628	三重人格少女
1629	梵高- 致敬大师
1630	兔牧Miu
1631	美食小狐狸
1632	温室 vol.1
1633	神秘星曲 天蝎座
1634	魔法狐狐·颜文大师
1635	爱幽的密室
1636	25张表情包
1637	核桃小鸭
1638	小熊猫卜卜米-表情包
1639	原子Dan莉莉装扮
1640	心动告急 黑粉漫表情包
1641	animal萌萌日常
1642	二十四节气 兔兔篇
1643	艺术馆-莫奈
1644	本喵叫狮子
1645	猫猫日记
1646	24节气·小满
1647	街头爆鲨
1648	膨胀小兔熊
1649	墨清弦五周年生日纪念
1650	表情包改名
1651	流浪地球-爱玩的小破球
1652	虚无之歌
1653	十二生肖·快乐小马
1654	百变蛙蛙
1655	蟹蟹美食店
1656	神秘星曲 狮子座
1657	叁仟院可奈
1658	她不当女主很多年
1659	热刺信仰 敢做敢为
1660	绒米romi-表情包
1661	普罗维登春日游园
1662	万拓普TOP
1663	神秘星曲 金牛座
1664	神秘星曲 双子座
1665	神秘星曲·白羊座
1666	神秘星曲 天秤座
1667	乖乖雪糕
1668	三丽鸥家族·童话郁金香
1669	大耳狗·繁星甜梦
1670	大耳狗 星座特辑
1671	蛋黄哥
1672	卡缇娅双子座主题装扮
1673	帕恰狗 生日派对
1674	地雷系 酷洛米
1675	美乐蒂 甜蜜城堡
1676	凯蒂猫·悠闲假日
1677	宇佐未和娜贝可
1678	酷洛米·甜梦星球
1679	大耳狗·梦幻游乐园
1680	苹果猫
1682	菠萝赛东
1683	椰奶Yana_双子椰
1684	三福兔敦煌装扮
1685	抹茶子的残偶箱
1686	怂木猫舍 蛋糕坊
1687	艺术馆-穆夏
1688	一二和布布 COS篇
1689	木偶歌剧院
1690	冷兔的日常
1691	Math纸片人
1692	十二生肖·春日朵朵羊
1693	xixi
1694	惊奇动物园一起来躺平
1695	GG爆猪猪侠
1696	谷主的日常
1697	廿NIAN的Nosy2号机
1698	廿NIAN的Nosy1号机
1699	亏皮猪的熊猫乐园
1700	漂亮怪兽叫乖乖
1701	泡面的月亮小公主
1702	普通小狗 牧场物语
1703	星际猎人奇遇套装
1704	毛毛猪和绒绒兔的气球乐园
1705	虫小绿
1706	开朗熊猫兔
1707	坠落
1708	有兽焉收藏集
1709	深空之眼 · 虚恒日常
1710	狮子王
1711	西西猫
1712	软绵绵
1713	星座恋曲·金牛牛
1714	废柴狐阿桔·初夏
1715	炫彩小黄豆
1716	天气小象 小巴
1717	雨夜小狐
1718	儿童节 夏日乐园
1719	小狗贴贴
1720	艺术馆-搞怪名画
1721	社畜子
1723	小只芋·生日纪念
1724	一只麻团·青葱时光
1725	颜文大赛·厚米小熊猫
1726	颜文大赛·魔法狐狐
1727	颜文大赛·眠眠兔
1728	颜文大赛·小鲨鱼
1729	心情记录簿
1730	神秘星曲 射手座
1731	神秘星曲 巨蟹座
1732	宅舞兔兔打call中
1733	僵小鱼 萌主
1734	温室vol.儿童节
1735	花园茶会
1736	一期一会 · 毕业新装
1737	曼城是冠军
1738	虎呼来C
1739	猫猫的奇幻之旅
1740	艺术馆-神奈川冲浪里
1741	九筒笔记（充电）
1742	黑岛麻由
1743	夏日萌菜表情包
1744	原神·巡林奇遇
1745	又一充电中
1746	长剑风云
1747	疯狂小兔几
1748	唧士士一周年
1749	又一充电中表情包
1750	呆哥
1751	艾鸽泰尔德·童话奇遇_表情包
1752	阳阳不想熬夜
1753	杜铂雷童话装扮表情包
1754	休憩时刻
1755	深蓝专列
1756	刨冰甜品屋
1757	惬意鲨鲨
1758	乖巧宝宝 清凉一夏
1759	鼠鼠我啊的日常
1760	魔法狐娘·茶茶狐
1761	梦
1762	颜表情兔
1763	梵拉狐国奇遇
1764	鲸鱼娘梦游仙境
1765	幸运绵绵
1766	猫咪食堂
1767	豹豹夏日汽水
1768	OK鸭 非常OK
1769	动漫少女表情包
1770	绿色仙人章
1771	桃妧Haruka
1772	泰蕾莎·童话
1773	花见汐梨Yuuri·童话奇遇记
1774	眠特Mint童话装扮
1775	星舰机娘维斯卡
1776	果糖含量
1777	招财猫·你币发财
1778	摩尔庄园 欢乐儿童节
1779	未未昭童话装扮
1780	明前奶绿爱丽丝表情包
1781	萤喵w_小小萤
1782	彩虹酱·童话奇遇记
1783	七濑Unia
1784	夏日可爱涂鸦
1785	厨房小猫
1786	眠眠兔网络小达人
1787	什么谐音梗
1788	狗狗画画日
1789	鸭嘴兽宝贝玩趣
1790	咪呜想要 咪呜得到
1791	夏日小海豚
1792	海浪
1793	游艇
1794	海鸥
1795	夏日美人鱼
1796	漂流瓶
1797	国粹研究所
1798	甜点师 糖棕兔兔
1799	神秘星曲 处女座
1800	小柯基-夏日篇
1801	潮流艺术-VIKISO
1802	24节气·芒种
1803	名侦探柯南·黑暗组织
1804	崩坏：星穹铁道
1805	绘之音表情包
1806	电波喵喵
1807	神秘星曲 双鱼座
1808	漫画风魔鬼猫
1809	发射小人 涂鸦篇
1810	红伞伞
1811	菜菜天团
1812	幸运上上签
1813	小奏宅物语
1814	艺术馆-人类之子
1815	阎王不高兴2
1816	一夜豹富
1817	懒懒表情
1818	青柳尊哉
1819	暹罗恋爱记
1820	疯狂上分日
1821	蒲小满 盛夏
1822	青春序曲毕业新装
1823	虎啸风生
1824	佐娜Sanya
1825	2233救赎
1827	小囧熊 十二星座
1828	胖达熊猫
1829	石榴花神奶油兔
1830	神秘星曲 水瓶座
1831	16型人格-enfp
1832	机械之心
1833	仲夏幻想
1834	喵喵晚报
1835	侏罗纪公园
1836	深海晨光
1837	学过石油的语文老师（充电）
1840	2233_挚爱花海
1841	茶话会
1842	代号洛天依
1843	冰糖IO（充电）
1844	恬欣欣的成长日记（充电）
1845	毕业快乐·未来可期
1846	萤舞沉眠
1847	银河猫餐厅
1848	野萌君 世界名画
1849	怪怪小黄豆
1850	你好酷企鹅
1851	神秘星曲 摩羯座
1852	清·小园惊梦
1853	魔法游戏探险记
1858	2233·群星闪耀时收藏集表情包
1859	九三的耳朵不是特别好
1860	夏日萌宠
1861	仙境魔法兔
1862	海咩咩2.0
1863	兔兔Rich 暴富
1864	Animal萌萌快乐派对
1865	萌二崽崽 小熊猫
1866	可爱女仆梦幻花园
1867	皮卡少个丘 表情包
1868	中国航天小胖墩
1869	缇莎录语
1870	夏日甜度满分
1871	克苏鲁调查员
1872	多巴胺贝斯少女
1873	冷兔宝宝的日常
1874	粉粉豚
1875	绿野精灵
1876	神秘星曲·双鱼座
1877	Ksr收藏集
1878	奶油兔-双子座
1879	小狼·阿加莎的咖啡馆
1880	夏日冷饮店
1881	窝窝兔
1882	星律动春日舞步装扮
1883	动物餐厅表情包
1884	辣糖甜心表情包
1885	压刹生日纪念
1886	薄荷Miint 小动物出没请当心
1887	Sandy兽耳表情包
1888	小hibo 十二生肖特辑
1889	什么脑子
1890	芒崎小吉表情包
1891	小菜鸡Vicky
1892	moi兽耳表情包
1893	幸运塔罗星 巨蟹座
1894	菜鸟
1895	CareyJack
1896	黑鸦诊疗院
1897	咲间妮娜
1898	九奈猹猹
1899	安德卤煮
1900	白夜极光表情包
1901	幻星集表情包
1902	保卫萝卜表情包
1903	2233夏日摇滚派对
1904	与枝老师表情包
1905	喵田弥夜Miya
1906	白铃表情包
1907	砂纸大魔王
1908	莫熙呐
1909	lumi女仆表情包
1910	压刹-生日纪念
1911	无狐神社的伊狸-在你身边-
1912	北极熊剩饭
1913	池年
1914	青灰緑
1915	985沐博士
1916	奶猫妮妮表情包
1917	玺月兔兔女仆装扮表情包
1918	一点荧惑
1919	豆姆蛙
1920	仙人掌猫
1921	温柔深海
1922	大耳狗·开心马戏团
1923	冰淇淋主教
1924	幸运塔罗星 金牛座
1925	小黄豆说
1926	卷卷公主悠闲生活
1927	悠米_Yuumi
1928	BW2023表情包
1929	山海际会
1930	布朗熊2233
1931	DM袋喵收藏集
1932	脑洞波系列主题装扮-嘉然
1933	花卷羊·端午特辑
1934	星座恋曲·双子子
1935	克克莉丝 漫游记
1936	面包房小狗
1937	星座恋曲·白羊
1938	可爱懒羊羊
1939	流浪地球-表情包
1940	框出胜利
1941	小懒懒的日常
1942	小姐姐
1943	山海经 人神传说
1944	城市之光 这里是成都
1945	小狗刮刮乐
1946	黛玉葬花-表情包
1947	古镜记表情包
1948	小兔子怪怪
1949	癸卯年端午
1950	开心鸭
1951	林俊杰「重拾_快乐」纪念装扮
1952	熊宝的日常
1953	来一口糖果兔
1954	萨卡班甲鱼
1955	三丽鸥家族·可爱游园会
1956	酷洛米 夏日冰淇淋
1957	芸霓究极巨蟹座形态
1958	三只小恐龙
1959	柠宁巨蟹表情包
1960	圈套师-套套评测（充电）
1961	Sheya
1962	古相思曲
1963	史迪仔恋爱啦
1964	史迪仔的顽皮夏日
1965	艺术馆-色彩蒙德里安
1966	O崽的花花世界
1967	14周年站庆
1968	核桃小鸭 生日派对
1969	中式早餐店
1970	24节气·夏至
1971	水星
1972	清凉一夏
1973	羊了个羊
1974	诺子喵呜（充电）
1975	下垂眼
1976	喵喵精英团
1977	二十四节气2.0 终结版
1978	酷洛米·女仆咖啡厅
1979	蓝色狗子
1980	像素之森 小小狐
1981	每天都想吃小鱼干（充电）
1982	鬼刀风玲晚安
1983	十二生肖 抽象简笔
1984	抽象狐之助
1985	炫酷帕恰狗
1986	萌宠有兽焉
1987	弹幕护体
1988	风灵玉秀
1989	仓鼠天小莫Teeemo（充电）
1990	风华致雅
1991	土豆兔兔
1992	夏日草坪猫
1993	坏坏草莓熊
1994	熊熊抱大腿
1995	流银
1996	波仔-小丧居
1997	搞怪黄脸脸
1998	多巴胺团子
1999	调停者狐狐
2000	可爱咖咖熊
2001	海底搞怪图鉴
2002	萨卡班甲鱼2.0
2003	软软riu-表情包
2004	唐老鸭九连拍蓝调
2005	蜜桃猫的暑假
2006	豹力豹气
2007	地雷系 美乐蒂
2008	软软甜品少女
2009	夏日海滩猫
2010	贴贴大萝卜
2011	多肉呱呱
2012	鹦鹉豆丁表情包
2013	模糊小黄豆
2014	蓝屏快乐
2015	魔性鹅鹅
2016	萌芽熊·夏日瓜呱乐最终
2017	口袋迷ag（充电）
2018	米奇魔术师
2019	粉红兔子恋与篇
2020	永生
2021	像素小黑猫
2022	幸运塔罗星 白羊座
2023	扑克王国物语·红桃最终
2024	史迪仔光影
2025	酷酷懒羊羊
2026	布丁狗和小伙伴
2027	粉脸脸 七夕限定
2028	行星物语·地球
2029	漫画风唐老鸭
2030	全棉时代稳小棉
2031	楚天明c
2032	布丁狗和小伙伴2
2033	三星堆陶猪
2034	一二与布布 约会Vlog
2035	pop子和pipi美的日常 装扮2.0
2036	奶蓝喵喵小可爱
2037	粉色米妮
2038	水獭仔表情包
2039	暹罗厘普收藏集
2040	阿肥宅
2041	鸽子小画家
2042	长鼻子狗
2043	扑克王国物语·梅花
2044	小猫乐园
2045	宝黛集
2046	请给我一块奶酪
2047	妄伪校园
2048	QXU01
2049	豆子
2050	元七七 魔法少女
2051	KL_qiqi_（充电）
2052	不四小羊和咖啡狗
2053	薄海纸鱼（充电）
2054	米妮的粉红心事
2055	言和十周年生日纪念
2056	晚安 三丽鸥家族
2057	言和十周年生日特别纪念
2058	十二生肖·夏日小狗
2059	一条水管猫
2060	生日派对
2061	扑克王国物语·方块
2062	幸运塔罗星 处女座
2063	夏日小蕾粉丝套装
2064	早安草莓熊
2065	艺术馆-星月夜
2066	芋芋日志·表情包
2067	天降呦呦（充电）
2068	时光盛夏
2069	小火柴
2070	唐老鸭九连拍
2071	小花仙动画
2072	眠铃表情包
2073	支离破碎TN酱
2074	人格贴纸-INFP
2075	新四大美女 玉环
2076	圣斗士星矢
2077	兔小猪
2078	复古鱼鱼
2079	Q版伢伢
2080	怪兽小馆
2081	bml十周年收藏集
2082	阿柴枸杞 第二弹
2083	奶蓝梦境 第三弹
2084	是幼情呀（充电）
2086	淩钰表情包
2087	怪兽小馆1
2088	哟蔻桃桃表情包
2089	鸢尾牙牙
2090	蛙吹Keroro
2091	幼年沐表情包25张
2092	元气sayako·表情包
2093	莎布表情包
2094	魂器学院
2095	尼奈·米虫之夏
2096	浅川玉乃
2097	尼奈·米虫夏日
2098	可妮夏日泳装派对
2099	陶芝芝七月沙滩派对装扮
2100	早穗
2101	赛博涂鸦唐老鸭
2102	米妮恋爱日记
2103	灰太狼小表情
2104	羊村懒羊羊
2105	喜羊羊
2106	艺术馆-维米尔
2107	今天的她也是如此可爱
2108	小奶狗puppy
2109	鹅er夏季泳装2023
2110	梨安小猪宝
2111	复古童话镇
2112	小比逃离地球
2113	五月织姬ctsu
2114	普通小狗·梦幻塔罗收藏集
2115	光表情包
2116	肉食系女子
2117	挽歌歌夏日装扮表情包
2118	蝶蝶Hikari
2119	阿芙·七月沙滩派对装扮
2120	欧的白1.0
2121	阿尔贝莱特（充电）
2122	漫画风米妮
2123	nor叔（充电）
2124	山海异志
2125	国风甜妹·表情包
2126	坎公骑冠剑 · 夏日泳装派对
2127	涂鸦怪兽仔
2128	光表情包改
2129	秦国小卖部
2130	仙剑28周年庆
2131	娲娲
2132	荒野里的赤狐小可爱
2133	是姐姐还是妹妹 表情包
2134	绫月乃萝
2135	扑克王国物语·黑桃
2136	幸运塔罗星 摩羯座
2137	独角兽
2138	MBTI章鱼
2139	欧的白
2140	发射小人 度假篇
2141	你礼貌马
2142	诺比小兔_PNG
2143	明日方舟·音律联觉-愚夜密函
2144	艾恺特收藏集
2145	艺术馆-最后的晚餐
2146	ISFP探险家
2147	大小胖达第一弹
2148	小黄豆加减法
2149	梦音茶点心·表情包
2150	衣娅新表情包
2151	烛宝哒
2152	我不生气 表情包
2153	米糕的精神状态
2154	RNG2023夏季收藏集
2155	生肖 金鸡破晓
2156	24节气·小暑
2157	幸运塔罗星 天蝎座
2158	鬼刀海琴烟深海
2159	扑克王国物语joker
2160	四月一日夢
2161	盐咪yami
2162	机智大灯灯表情包
2163	雫るる_Official（充电）
2164	史迪奇不坏 表情包
2165	萌趣有兽焉
2166	弹幕护体2 永远爱你
2167	大耳狗 梦幻乐园
2168	凌烟阁
2169	Gibbon吉本
2170	艺术馆-德加
2171	希腊雄狮雷柏磷
2172	疯狂动物城闪光版
2173	贪睡懒羊羊
2174	朋克羊羊
2175	星昼
2176	夏日序曲
2177	领结猫2
2178	栗栗子表情包
2179	LOOPY可爱图鉴
2180	24节气·大暑
2181	沪上风韵·上海
2182	幸运塔罗星 射手座
2183	茂之森
2184	弹幕护体2
2185	TINO
2186	古埃及之旅·阿努比斯
2187	新四大美女 昭君
2188	逻大胖的日常
2189	元气学妹酱
2190	战双帕弥什·热夏纪影
2191	桃井最中Monaka
2192	无脑魔女
2193	百变菌宝·表情包
2194	暴躁唐纳德
2195	炭笔手绘米奇 表情包
2196	雾山五行·犀川幻紫林
2197	Luya 天空之镜
2198	人格贴纸-INTP
2199	人格贴纸-ISFJ
2200	雨夜少女
2201	空罐王收藏集
2202	星座恋曲·巨蟹蟹
2203	知吱z
2204	萨卡班甲鱼3.0
2205	淡定水豚
2206	日光浴萨卡班甲鱼
2207	乖巧宝宝系统入侵
2208	你礼貌马 第二弹
2209	镇魂街收藏集
2210	烈焰之刃
2211	猛男版大黄脸
2212	夏日水果泳池派对
2213	西望长安·西安
2214	幸运塔罗星 双鱼座
2215	装扮小姐姐·仲夏日记表情包
2216	米奇朋友可爱日常
2217	梵高的夏天
2218	洛少爷（充电）
2219	治愈系 羊羊乐园
2220	新式实验
2221	时之双子
2222	FoFTG
2223	渺渺neko
2224	未定事件簿·归心之所
2225	遇见你的猫表情包
2226	狐耳娘 生肖篇
2228	新月同行-超级秋千人
2229	水豚阿米go
2230	生肖 竹林白马
2231	时至初夏
2232	和你去旅行
2233	大耳狗·甜蜜下午茶
2234	普通小狗 换装日记
2235	家人们谁懂啊
2236	误入莫奈花园
2237	FoFo的表情包
2238	Huhu安（充电）
2239	安州牧（充电）
2240	B Family的日常
2241	秋乌Akitori
2242	星瞳_Official（充电）
2244	FPX·锵锵和鸣收藏集
2245	樱桃小丸子猫咪系列
2247	水果动物园
2248	鬼刀海琴烟等待
2249	富喵金澄伍
2250	十二生肖·猪猪宅一夏
2251	克系小黑猫
2252	少女图鉴·地雷系
2253	樱桃小丸子樱花系列
2254	二十七八岁
2255	香肠嘴阿熊
2256	临安桂雨·杭州
2257	电音蝌蚪豹
2258	原野的向日葵
2259	酷洛米 甜品世界
2260	粉脸脸2 甜蜜七夕
2261	玩具总动员萌可爱表情包
2262	呆萌GG爆
2263	蒸汽波GG爆
2264	粉妆玉琢·表情包
2265	棉花小兔mofy2
2266	雾山五行收藏集
2267	藏狐公交站
2268	栀夏微凉
2269	人格贴纸-ESFP
2270	欧皇甲鱼
2271	冰雪奇缘小可爱 表情包
2272	兔耳娘 粉色心动预警
2273	处女座物语表情包
2274	甜辣御姐·表情包
2275	整点薯条鸥
2276	玫瑰双开门
2277	熊猫滚滚来
2278	生肖 鼠鼠快乐
2279	番茄tomato
2280	希然Iris表情包
2281	不安全出口
2282	三丽鸥家族 魔法学院
2283	食物语
2284	艺术馆-抱银鼠的女子
2285	黑猫饭饭
2286	小狗舔舔
2287	姑苏故里·苏州
2288	大耳狗 奶萌治愈系
2289	人格贴纸-ESTJ
2290	晴天娃娃
2291	少女与蛙蛙
2292	大功告城 曼城三冠王
2293	咬咬今天是魔法狐
2294	有钱鸭 表情包
2295	碧蓝航线礼服主题-表情包
2296	快把我哥带走收藏集
2297	FPX·翼往吾前收藏集
2298	FPX.ZQ奋挥皓羽收藏集
2299	发疯文学
2300	神契幻奇谭
2301	晚风
2302	24节气·立秋
2303	艺术馆-凯风快晴
2304	木鱼
2305	人格贴纸-INFJ
2306	王者荣耀·夏日妄想
2307	小黄人收藏集
2308	安可
2309	鬼刀风玲清晨
2310	300大作战·RETURN
2311	Pochacco 帕恰狗
2312	了不起的狐哥
2313	纯挚童话·表情包
2314	蜜桃猫之秋
2315	娲娲的日常
2316	萨卡班萝莉·夏日派对
2317	某科学的超电磁炮T
2318	O.N.G.E.K.I.
2319	Bright Memory
2320	可爱水豚表情包
2321	東雪蓮Official（充电）
2322	琳汐汐吖o（充电）
2323	云端史迪仔
2324	大耳朵多比
2325	蜘蛛侠纵横宇宙
2326	卡皮巴拉乐园
2327	夏日小黄豆
2328	萨卡班黑猫鱼
2329	艺术馆-呐喊
2330	钟晴要变强 一见钟晴
2331	陌海幽蓝
2332	三上烤鸭（充电）
2333	酷洛米 塔罗占卜师
2334	小公明  我财来
2335	17sile
2336	Babymoji
2337	方鹅鹅
2338	想去海边·表情包
2339	奶蓝咩咩
2341	生日邀约·表情包
2342	炸毛小天师
2343	6699异想录
2344	斯露德异空战歌
2345	BEIBEI
2346	打工人修狗
2347	TANCHJIM_浅野天琪
2348	青柚穿越时空遇见你8月装扮
2349	家人们 无语住了
2350	白以收藏集
2351	HANGFOOK 涂鸦小动物
2352	植物大战僵尸2
2353	花花Haya清凉夏日
2354	千璃Chili
2355	于丸
2356	人格贴纸-ENFP
2357	天才猫猫早凉·表情包
2358	粉毛超甜
2359	阿茂的日常
2360	小桃表情包
2361	糖糖锦鲤
2362	洛梦 1.0
2363	天依游学记·歌行
2364	水龙吟
2365	烛不遥装扮表情包
2366	艺术馆-记忆的永恒
2367	Akie秋绘七周年
2368	神父的日常
2369	安晴Ankii
2370	泪腺战士
2371	承影表情包
2372	拾翠踏青·表情包
2373	江夫人表情包
2374	夏日狂想曲·表情包
2375	史迪仔的夏天 表情包
2376	我不是胖虎收藏集
2377	大美女萨卡班
2378	大耳狗·梦幻气球
2379	四大名著·三国演义
2380	中国名画 清明上河图
2381	普通小狗·勿忘我
2382	蓝漫少女的日常表情包
2383	魔法少女表情包
2384	玩具销售员
2385	复古旧漫少女
2386	Shizukou浮生若梦
2387	韶华依依表情包
2388	夏鲤鲤
2389	MizunoAki装扮表情包
2390	夏日克莱因蓝
2391	飞鸟穹·未来幻想
2392	排雷数码港（充电）
2393	克克莉丝 节日特辑
2394	虫小绿 小绿逗
2395	大熊猫欧泡泡
2396	开冲
2397	艺术馆-浮世绘
2398	水彩米妮
2399	幸运花花
2400	爱上她的理由收藏集
2401	Hangfook幸福兔崽
2402	花间集
2403	mikko 可爱至上
2404	小黑猫特工
2405	HANGFOOK水果小动物
2406	思廿Mlnia
2407	白桥0
2408	人群中的我和你
2409	夜谭舞狼
2410	甜兔酱和泥萌兔
2411	职场水母同事图鉴
2412	卡拉彼丘收藏集
2413	饼饼派对
2414	芝士雪豹
2415	24节气·处暑
2416	酸酸柠檬精
2417	秘林沉蝶
2418	赛博世界-名画蒙娜丽莎
2419	 脑洞波系列主题装扮-乃琳
2420	秋元松
2421	星座恋曲·狮子子
2422	可爱泰蕾莎·表情包
2423	灵魂潮汐
2424	漫画喜羊羊
2425	涂鸦小灰灰
2426	baby猪猪侠
2427	沸羊羊
2428	线条懒羊羊
2429	懒羊羊
2430	暴富的人生
2431	浪沫鱼姬
2432	萨卡班甲鱼汤
2433	峨眉山的猴
3265	有兽焉
3269	Krenz光影少女收藏集
3281	司稽收藏集
3282	棉花鼠鼠somchi
3283	冰雪奇缘小可爱 表情
3284	双鱼座公主
3285	魔法契约
3286	帕恰狗 浪漫雨季
3287	不愿透露姓名的绿头鱼
3288	核桃小鸭 打工摸鱼的一天
3289	断手猫
3290	装扮小姐姐专属
3291	祝你好眠
3292	表情包1
3293	肉丸嘟噜噜（充电）
3294	影视飓风（充电）
3295	张禾尐-初遇
3296	思廿·廿廿不忘
3297	Lirin兔耳娘 网球少女
3298	红蓝巴萨
3299	迷惑猫猫们
3300	兔子夏日时光
3301	小猫舔舔
3302	豆姆蛙和咪姆
3303	小魔女的邀约
3304	涂鸦米奇 表情包
3305	艺术馆-哥伦维伦纽夫之桥
3306	S猫袭来
3307	INTP逻辑学家
3308	B站米奇好朋友 表情包
3309	酷洛米 睡衣派对
3310	酷洛米 美妆日记
3311	星月兔
3312	psplive山珍集·表情包
3314	psplive海味集·表情包
3315	pop子和pipi美的日常
3316	观察者网（充电）
3317	普通小狗之生日特辑
3318	赛尔计划
3319	蓝梦灵蝶
3320	艺术馆梦
3321	3D可爱小动物
3322	300英雄表情包
3323	斗破苍穹
3324	薇拉Vera·爱丽丝
3325	人格贴纸-ENFJ
3326	小白猫
3327	普通小狗·少女的房间
3328	恶魔天使·双生
3329	无命双生
3330	可萌可御喵·表情包
3331	陈小墩的粉色星球
3332	普通小狗 游园惊梦
3333	蜡笔小新收藏集
3334	卖崽网红蛙
3335	阴阳小人
3336	菩提客栈表情包
3337	真实球迷汇粉蓝第一套
3338	打call
3339	帕恰狗 儿童乐园
3340	一二旅行社
3341	守护海洋·海獭宝宝
3342	卡哇伊少女
3343	录音姬阿童木
3344	绵甜夏恋·表情包
3346	沐东一 表情包
3357	犯人犯泽先生
3358	米奇米妮冲鸭
3359	童稚米妮表情包
3361	狮王少女
3363	学海星航迹·表情包
3364	爱瑞丝
3365	花花与三猫表情包
3366	超人cr收藏集
3367	300英雄2023
3368	PoorPlayers穷玩组（充电）
3369	炸了吧  甲鱼班班
3370	史迪仔的假期
3371	你的圈圈儿（充电）
3372	山海秘闻表情包
3373	少女图鉴 多巴胺
3374	杜宾军团手册
3375	M属性大爆发·兔兔子
3376	V我50
3377	极乐幻奇谭收藏集
3378	辛苦猫咪了
3379	非人哉收藏集
3380	鬼刀海琴烟飞鸟-表情包
3381	阿狸 宇宙太空历险记
3382	水果猪猪bond
3383	阿狸 水果风多巴胺
3384	吃汤圆鸭
3385	小丸幼稚园
3386	帕恰狗 粉蓝贴贴
3387	小黄豆宇宙
3388	新奇猎人小新
3389	凛花装扮表情
3390	新学伊始
3391	爱厌表情包
3392	迪士尼公主
3393	恶魔兔
3394	阿狸 努力努力表情包
3395	喜懒好朋友
3396	meimeiverse
3397	LOOPY打工的一天
3398	药师学徒
3399	猫宁孜然·粉涩校林
3400	柊真华Madoka
3401	露蒂丝
3402	友利Mori
3403	春日宴表情包补充
3404	昨日青子
3405	塞拉菲娜123
3406	樱酱七周年装扮
3407	帕恰狗 缤纷星星
3408	软萌熊猫猫·国风特辑
3409	糖粽兔兔 中秋节限定
3410	伊诺菈ProjectOrcus收藏集
3411	人格贴纸-ESTP
3412	算数小黄豆
3413	肚肚饿饿的肚肚子
3414	夕兔_H2
3415	樱酱首套个性装扮
3416	甜蜜约绘
3417	觉醒穆小泠
3418	啊粥粥啊粥（充电）
3419	百变芋圆
3432	16岁生贺
3433	黑猫大少爷（充电）
3434	肥虾咕里Gulin魔法世界
3435	金鱼记忆
3436	人格贴纸-ESFJ
3437	时之沙
3438	窗外的季节更替
3439	两面猫
3440	自信连招
3441	夜雪千沫Channel
3442	软萌蛋黄哥
3443	暗金玉兔
3444	童话系列·小红帽
3445	小蝙蝠秋日午后表情包
3446	尼娅
3447	岱川四季集表情包
3448	大话西游
3449	少女与花之诗-表情包
3450	花想云裳-表情包
3451	老凛表情包
3452	夜与魔法师
3453	腮红小鸡
3454	时空穿越表情包
3455	大耳狗出游计划
3456	酷洛米 黑紫旋律
3457	AliceInCradle官方（充电）
3458	玩笑派对表情包
3459	fivever表情包
3460	DRG表情包-1
3461	多肉小世界
3462	辻蓝佳音瑠-表情包25
3463	甜美鱼子酱表情包
3464	超迷你战士fix
3465	眠一透明陪伴表情包
3466	福尔摩斯 Sherlock Holmes
3467	白色魔女Cuna
3468	璃舞-纪念
3469	中秋·碧月飞天
3470	小月月过中秋
3471	日式漫画风公主 表情包
3472	酷酷草莓熊 表情包
3473	阿狸 曙光下的花明
3474	MTG收藏集
3475	少女与花之诗
3476	强壮阿柴
3477	阿D的暗恋日记
3478	O崽的生日派对
3479	奇奇蒂蒂的日常 表情包
3480	十二生肖和他的朋友们
3481	mikasamu收藏集
3482	草莓熊胖嘟嘟 表情包
3483	迪士尼公主剪影合集 表情包
3484	保卫萝卜·中秋团圆
3485	小羊的度假日记
3486	水手美短猫
3487	普通小狗·雨季蛙趣
3488	轻叹ww
3489	百年迪士尼
3490	鎏金之夜光之少女表情包
3491	钓鱼佬永不空军
3492	涂鸦唐老鸭 表情包
3493	米妮小调皮 表情包
3494	鬼神-花系
3495	兔兔的秘密花园
3496	奶萌独角猫表情包
3497	省市拟人
3498	保卫萝卜·秋妃传
3499	一念逍遥收藏集
3500	啤酒鸦
3501	热力中秋这刺一定
3502	在下小狐兔
3503	懒懒兔收藏集
3504	meatball肉球第一弹
3505	重庆狼队嗷呜狼狼收藏集
3506	魔法少女蹦蹦月
3507	真实球迷汇GoOut主题第一套
3508	熊守夕子-表情包
3509	恋爱史迪仔
3510	米奇和他的朋友们 表情包
3511	小花仙收藏集-花契
3512	乐正龙牙六周年生日纪念
3513	源求-Cyberlife
3514	核桃小鸭 全民亚运动起来
3515	歪叽兔
3516	速度与激情
3517	OPL收藏集
3518	星月夜光曲表情包
3519	妹子太多只好飞升了收藏集
3520	幽灵酱到处乱飞
3521	甜酷小兔女孩
3522	焦虑猫·一切为了实战
3523	芝士雪豹2.0说唱版
3524	咖纳o（充电）
3525	娟juanの奇妙妙屋（充电）
3526	柴柴的日常
3527	Lirin兔耳娘收藏集
3528	哥的自信与生俱来
3529	焦虑猫第一弹
3530	鱼粉崽1
3531	穿靴子的猫
3532	人间六月烟表情包
3533	奇迹焕新家
3534	狐仙小学妹
3536	雪域收藏集表情包
3537	鹅鹅鹅
3538	泳装女孩
3539	星座恋曲·处女女
3540	致竞巅峰
3541	胖滚家族1
3542	嗷呜龙宝
3543	少年歌行 七夕篇
3544	涂鸦小少女
3545	保卫萝卜·夏日回忆
3546	多肉呱呱第一弹
3547	幽灵酱吃吃吃
3548	焦虑猫第二弹
3549	朱迪尼克捉迷藏
3550	米糕日记
3551	芝士鼠鼠
3552	黑白涂鸦水豚君
3553	洲窈表情包
3554	万圣节小天使
3555	小闲鳄
3556	小熊虫-表情包
3557	田中姬铃木雏Official（充电）
3558	西瓜条归来
3559	嘟·门
3560	花园花玲表情包
3561	P+魔法少女表情包
3562	人格贴纸-ISFP
3563	发疯小黄豆
3564	紘雪Hiroyuki.
3565	猫先动的手
3566	海獭的小生活
3567	亚系魔法少女
3568	infp日常
3569	星际漫游宇航员
3570	BLG·2023LPL出征
3571	JDG·2023LPL出征
3572	LNG·2023LPL出征
3573	WBG·2023LPL出征
3574	天官赐福收藏集
3575	晚安大耳狗
3576	小林家的龙女仆S
3577	NO.404
3578	猫咪毛球
3579	无敌酸酸柠檬精2
3580	打call1.1
3581	夜王莉莉丝的华丽衣橱
3582	民国妖姬
3583	万圣魔女
3584	明星小恶魔
3585	test-1999
3586	WBG·2023出征
3587	BLG·2023出征
3588	九条月生表情包
3589	JDG·2023LPL出征收藏集
3590	LNG·2023LPL出征收藏集
3591	兔牙Sinar酱（充电）
3592	小波音·致富计划
3593	卦者灵风
3594	微星命收藏集表情包
3595	小狸猫
3596	精神小火
3597	布加诺勇者小队
3598	白色小魔女Cuna
3599	普通小狗万圣节之夜
3600	帕恰狗 假期之旅
3601	阿狸节气物语
3602	土豆教主
3603	乌拉的帝国1
3604	大门ZRR（充电）
3605	万圣喵和南瓜朋友
3606	笨拙萌新女仆狸
3607	尊贵的人生
3608	王者拜仁
3609	三丽鸥家族 泳池派对
3610	DOTA2 TI12收藏集
3611	诺拉·海蒂斯
3612	小幽灵
3613	艾尔莎收藏集
3614	好柿发生
3615	Afaer周年嘉年华
3616	喵博士
3617	黏糊小猫
3618	万圣学院表情包
3619	知薇如梦
3620	psplive山珍集
3621	英雄联盟全球总决赛官方收藏集
3622	萌萌兽w
3623	鲸跃深海
3624	猫的各种精神状态
3625	萨卡班贴纸
3626	深藏不露大熊猫
3627	小方块
3628	Huh猫
3629	卡皮巴拉乐园·捣蛋篇
3630	TUGOU
3631	星座指示-白羊座
3632	饭团喵的表情包
3633	秋日小黄豆
3634	群星闪耀时半年庆
3635	阿狸.节气
3636	NLSG收藏集表情包
3637	凜凜蝶凜万圣节装扮表情包
3638	压刹-不给糖就捣蛋
3639	宋三岁sss万圣节装扮表情包
3640	猫姬琥珀万圣节
3641	绫濑Official
3642	保卫萝卜·悠闲假日
3643	团妈
3644	幻夜魔法
3645	江崎宇宙限定敲好看收藏集
3646	妮特Nito
3647	万圣-火烛幽灵
3648	infj表情包
3649	小鼻嘎动物园
3650	莱卡
3651	day
3652	Fulgur表情包
3653	快乐咕呱
3654	绫濑official-
3655	万圣节
3656	咩咩家族
3657	去码头整点海鸥
3658	普通小狗 反派巫女
3659	安德卤煮3
3660	喵元
3661	心斋桥Ocuto·不给糖就捣蛋
3662	可爱鬼一二
3663	美月表情包
3664	星座指示-水瓶座
3665	INTP的闲暇时光
3666	2023万圣节套装表情包
3667	星座恋曲·天秤秤
3668	秋天快乐
3669	雪狐桑-主题表情
3670	理解吗喽
3671	梦中涟漪表情包
3672	焦绿猫第一弹
3673	萨摩耶耶球
3674	酷洛米 梦幻旋转木马
3675	喜羊羊与灰太狼动画
3676	打印鸡
3677	奈奈莉娅-万圣特辑
3678	钱包表情包
3679	嘎嘎柯尔鸭
3680	焦绿猫第二弹
3681	孙无力表情套装
3682	钱包表情
3683	冬日咖啡馆
3684	土豆巴拉
3685	雪国童话
3686	你滴傲娇学妹
3687	爱夸夸的小博美贝狗
3688	舞与花之诗 凌柔月雅
3689	莱卡表情包
3690	MGM咩咕咪
3691	安心爱元气Power
3692	齐秋仁的气球
3693	青稞芋泥表情包
3694	秋来晚风起
3695	章鱼贴贴
3696	美依礼芽表情包
3697	王牌双娇
3698	fa漠前花园
3699	异形舞台 Alien Stage 表情包
3700	银杏·星川铃·阿绿收藏集专属表情包
3701	花园的秘密
3702	小猫
3703	哥的厨艺惊天动地
3704	软萌熊猫猫·踏雪寻梅
3705	守宫爬爬
3706	兔兔女郎
3707	坚果熊说博弈（充电）
3708	大耳狗·甜筒派对
3709	天竺鼠
3710	修狗的漫画
3711	露早GOGO收藏集
3712	杜丽娘表情包
3713	冬日小海獭
3714	果冻头子
3715	鼠鼠周一情绪日记
3716	小丧居 打工日记
3717	护士我精神状态很好啊
3718	猪傻傻的精神状态
3719	有兽焉3.0
3720	我日语很好啊
3721	呱呱第一弹
3722	白夜极光·孟冬之约
3723	QUIN和他的朋友们表情包
3724	Alban表情包
3725	保卫萝卜·美食派对
3726	星瞳梦幻童话
3727	AISHA读者原创表情包
3728	永远酱w的表情包
3729	Minicatty收藏集
3730	可可佩莉Koko 表情包
3731	喵奈-大尾巴猫猫
3732	兰音收藏集
3733	星座指示-双鱼座
3734	牧羊少女
3735	费可装扮表情包
3736	温妮娅的表情包
3737	冥冥meichan（充电）
3738	DRG表情包1109
3739	艺术馆 克里姆特-吻
3740	彩虹酱收藏集
3741	社会化恐龙是社恐
3742	解锁好运莲莲
3743	标牌小人
3744	浪里个浪
3745	呱呱第二弹
3746	装扮小姐姐Queen表情包
3747	装扮小姐姐King表情包
3748	2233愚者游戏表情包
3752	洛天依蝶变
3784	你的傲娇学妹
3785	流泪猫猫头
3786	焦绿猫第三弹
3787	沙沙
3788	烟花绚烂
3789	是Sumimi呀（充电）
3790	你关注的鸽子
3791	四禧丸子收藏集
3792	Twinkle.Star表情包
3793	万圣街收藏集
3794	赋神1.0_表情包
3795	雪梅落萌狐
3796	胖滚家族派对
3797	吃蛋黄派的狼
3798	轮回小小酥
3799	阿草和TA的朋友们
3800	呢喃梦境表情包
3801	喜欢玩谐音橘子君
3802	小黄豆宇宙0.o
3803	ankoko
3804	小紫才没有摸鱼表情包2.0
3805	薇Steria·轻翎歌
3806	草宇宙-表情包
3807	无限实验室表情包
3808	艺术馆-雪中诗情
3809	Uki表情包
3810	小白狗
3811	夏天y（充电）
3812	跨年烟花
3813	圣诞姐姐
3814	圣诞驯鹿
3815	异世士兵
3816	异世水晶
3817	异世王冠
3818	吾皇巴扎黑收藏集
3819	psplive海味
3820	鱼鹅来了（充电）
3821	凡人修仙传收藏集
3822	ISFJ守护者
3823	中老年网上冲浪1.0
3824	星座恋曲·天蝎蝎
3825	UP主发电机（充电）
3826	地下城堡3表情包
3827	凸面猫
3828	小熊joy第一弹
3829	呱呱第三弹
3830	护士我精神状态很好啊2.0
3831	猫头鹰
3832	保卫萝卜·阿波的大冒险
3833	吉诺儿kino
3834	梦咲有绪-表情包
3835	小只芋·偶像就要闪闪发光
3836	猫屋敷梨梨
3837	雪小小
3838	Akie秋绘璀璨星辰
3839	白熊的甜食
3840	宇宙狮子
3841	鬼神-郁香2
3842	赛尔计划-兴衰主宰
3847	Sonny表情包
3848	鱿米装扮表情包
3849	玩具总动员收藏集表情包
3850	设计师的日常
3851	阿狸的国风之旅
3852	像素蒸汽波
3853	学习模式小狗
3854	元气网球少女
3855	守护动物·白脸僧面猴
3856	看看路牌
3857	随一Suiii
3858	小野收藏集
3859	RO姬雪武战姬表情包
3860	森么都布吉岛
3861	哭哭
3862	小鸟游杏子表情包
3863	五维介质
3864	旅-梦
3865	Kieed收藏集
3866	四季花丸表情包
3867	铃音Suzune收藏集
3868	修狗秋日游
3869	渐变Sakura
3870	万圣街表情
3871	2023劫杯收藏集
3872	次元电玩
3873	夏诺雅表情包
3874	瑰丽华服
3875	达文奇的蛋wee崽系列
3876	胖滚企鹅的日常
3877	Hangfook海底世界
3878	Inplick 病娇系男子
3879	凯特大陆
3880	关于狗把压力给到佛系的猫这件事
3881	冬日小黄豆
3882	A-SOUL 绽放收藏集
3883	幻梦舞曲表情包
3884	王者荣耀·一起乐开花
3885	星座指示-狮子座
3886	殿光镜影
3887	胶囊计划S2
3888	琉晶之礼
3889	精神状态小黑猫
3890	小熊joy第二弹
3891	非人哉非人哉
3892	薄荷Miint周年表情包
3893	历战觉醒
3894	喵星物语
3895	中老年网上冲浪2.0
3896	小狗警官
3897	熬夜冠军
3898	深海小水母-表情包
3899	第一序列收藏集
3900	胖滚家族 一起游泳鸭
3901	保卫萝卜·游园会
3905	Cat!
3906	无聊到底
3907	fa
3908	小狗冲刺
3909	水豚温泉馆
3910	秋日花季少女
3911	五维介质2
3912	库娜的表情包
3913	-纯黑-
3914	白金Saki
3915	EMO表情包
3916	民国风华
3917	麻薯小鸟
3918	QQ咩咩鹿茶子
3919	奶兔团子
3920	少女的蔚蓝绮梦
3922	元梦之星粉丝
3923	甜蜜派对第一弹
3924	小丧居 波仔
3925	是姬拉kira的收藏集
3926	万华晶殿
3927	金宝收藏集表情包
3928	机动战士高达SEED
3929	胖滚家族 快乐小羊
3930	保卫萝卜·暖暖冬季
3931	老新汉堡店
3932	卖崽蛙蛙萌萌哒
3933	entp小紫狐
3934	普通小狗 牛乳少女
3935	早稻叽收藏集表情包
3936	阿狸的瞌睡日常
3937	阿狸的冰箱魔法
3938	天官赐福·漫画
3939	纯白和弦
3940	emo girls
3941	蟑小螂
3942	花亦山心之月二周年
3943	鬼刀·风玲-表情包
3944	被窝多温暖
3945	Merry发财
3946	圣诞小狗
3947	折原露露三周年表情包
3948	艾鸽收藏集
3949	徵羽摩柯五周年生日纪念
3950	奶糖鲨鲨
3951	集合啦STN表情包
3952	小丑熊表情包
3953	文真则
3954	T5表情
3955	歌姫Azuki表情包
3956	妖精日记表情包
3957	正经狼咖
3958	渐变Clover
3959	龙龙敖呜
3960	东百往事
3961	星座恋曲·射手手
3962	精神攻击
3963	圣诞快乐 冬日可爱
3964	天选打工吗喽
3965	Hangfook小动物游园会
3975	胖滚家族 大熊
3976	画猫·归汉
3977	VirtuaReal岁末夜宴
3978	全职高手收藏集
3979	劉了了收藏集
3980	名侦探柯南黑铁的鱼影
3981	996杜宾
3982	眞白花音冬日绮梦表情包
3983	崩坏星球
3984	醒醒收藏集
3985	黑暗使者米米鸦
3987	青蛙王子波仔
3988	中老年人冲浪说明书
3989	小O的精神状态
3990	薄荷Miint的表情包
3992	温暖圣诞夜小海豹
3993	胖滚家族 海豹
3994	甜亚绵绵羊
3995	辐射小子表情包
3996	驯龙高手
3997	圣诞奶茶鼠
3998	佛系长草颜团子
3999	尤文图斯 尤点意思
4000	LOOPY·戏如人生-表情包
4001	鸢尾牙牙收藏集
4002	桃几的表情包
4003	童话系列·灰姑娘
4004	幻塔2周年
4005	鲸鱼娘西丝特收藏集
4009	VirtuaReal岁末欢聚
4010	奇思和圆宝-圣诞
4011	疯狂动物城收藏集表情包
4012	教日语的阿飞老师（充电）
4013	纯情序曲表情包
4014	抖个姬灵-表情包
4015	逍遥散人表情包
4016	魔法迷境表情包
4017	恩骨
4018	库莉姆奶油集
4019	宝宝你是一只小猪
4020	ENFP
4021	见习爱神表情包
4022	Kirikosama
4023	重生之吗喽上班
4024	圣诞情书
4025	不惑之羽-表情包
4026	圣诞小黄豆
4027	诺子喵呜1219生日喵
4028	一禾圣诞密语
4029	胖滚家族 圣诞派对
4030	标牌小人2
4031	长草颜团子贴贴
4032	元气招财猫 圣诞快乐
4033	薄荷Miint表情包
4035	年度小可爱
4036	爱你甜品兔
4037	保卫萝卜·闲趣时光
4038	兔子镇的温馨日常-表情包
4039	温之九爱的圣诞邀约
4040	命运拳台收藏集
4041	大橙子表情包
4042	冰淇淋小文鸟
4043	MC迷彩
4044	圣诞快乐鸭
4045	Hangfook圣诞
4046	犬川面面Miami
4047	酒菜禾子收藏集-表情包
4048	小如饱
4049	火星西路7号
4050	圣诞happy鸭
4051	豆泥大陆收藏集
4058	稚希-星光圣诞
4059	咏枂Yuer收藏集表情包
4060	绮罗夜宴时刻
4061	Mr.PA耙老师
4062	VirtuaReal岁末相庆表情包
4063	新网球王子
4064	水豚阿米勾·美食版
4065	蛙崽在线卖艺
4066	亚鹅
4067	旗袍少女表情包
4068	圣诞幼稚园
4069	音速狼-我们出发吧-furry-兽人
4070	阿猫收藏集表情包
4071	十元酱收藏集
4072	奇点时代
4073	绿色懒狗叶河黎
4074	全力幻想少年
4075	圣诞大鼻子修狗
4076	梦夏shimmer
4077	予妮Yunii
4078	RO姬偶像收藏集表情包
4079	仙王的日常生活
4080	碳鸽小女仆表情包
4081	山海幻音
4082	sagi冒险记表情包
4083	普通小狗 圣诞甜心
4085	阿球收藏集表情包
4086	小狐狸-圣诞
4087	圣诞蜜桃猫
4088	咸鱼栗
4089	氿氿ayumiko
4090	巴老师的小号
4091	岱川Doris圣诞主题表情包
4092	大螂
4093	夏露露表情包
4094	猫君君表情包
4095	须须表情包
4096	秋蒂甜心天使奏曲
4097	失落星辰表情包
4102	百妖小幸Lyana表情包
4103	皮卡表情包
4104	梦冬表情包
4105	皇马表情包
4106	圣诞快乐 第二弹
4107	中华熊猫娘
4108	鸽一品天才集
4109	夜喵
4110	哇 火蜥蜴
4111	紫藤花开2
4112	少年歌行收藏集
4113	暨言千百回表情包
4114	斋藤直葵表情包
4115	夕兔表情包
4116	三丽鸥家族收藏集
4118	ATEEZ表情包
4119	大耳狗·蜂蜜与柠檬
4120	iQOO表情包
4121	雪糍个人收藏集
4122	江明月收藏集表情包
4123	撸sir表情包
4124	涂涂软萌小可爱
4125	苹狗派对
4126	丑丑线条猫
4127	中国绊爱收藏集表情包
4128	洛天依歌行四方
4129	王者-云梦有灵
4130	哦哈哟·宅系学妹
4131	猪傻傻 元气新年
4133	嗨嗨表情包
4134	吃货白羊
4135	黑粉甜亚
4136	暖暖冬日猫猫
4137	文字萌萌
4138	CSGO茄子收藏集表情包
4139	马德里竞技
4140	幻夜浮屠收藏集
4142	雪兔日记
4143	像素·拓麻歌子
4144	呆妹小霸王表情包
4145	可洛收藏集
4146	荧幕内外收藏集
4147	表情包输出
4148	画师具收藏集-表情包
4149	Djk的个性装扮
4151	洛丽塔大哥lolita（充电）
4153	帅帅美美表情包
4154	龙年小狗
4155	钟晨瑶·关于心动
4156	叶虎（充电）
4157	罗菈Rola装扮
4158	青叶表情包
4159	那个王母娘娘
4160	赛尔号收藏集
4161	肥猫腿豚豚（充电）
4162	ywwuyi
4163	幻境之夜表情包
4164	大佬何金银（充电）
4165	米诺高分少女-表情包
4166	白夜极光·龙洲庆会
4167	保卫萝卜·温馨时刻
4169	萌萌咪语表情包
4170	冬日鼬见你
4171	蟑小螂·第二弹
4172	瑶夕龙女
4173	梦幻粉蓝
4174	向日葵与猫猫
4175	面包脑袋小熊
4177	安妮莫·佛系篇
4179	功德木鱼
4180	马喽喽喽喽
4181	QQ奶蓝咩噗茶
4182	普通小狗 谨贺新年
4183	龙龙敖呜过大年
4184	可爱水果卷卷猫
4185	爆炸鼠鼠
4186	正经狼咖2.0
4187	精灵洛九三
4188	Biubiu小队弹弹兔
4189	今天想点啥
4190	奥特曼UltraPark表情
4191	家人们就离谱
4193	一堆鲨鲨
4194	地雷系
4195	神山夜夜表情包
4196	系统预警
4198	龙年好好
4199	伴宅少女
4200	一加一等于哈基米
4201	小丧居 养猪日记
4202	布偶的报恩
4203	美味克家菜
4204	龙小可和八吉 大桔大利
4205	精神奶牛猫
4206	甜心兔兔贩售机
4207	星座恋曲·摩羯羯
4208	烟花绽放
4209	零梦RinMon
4210	重返未来1999-朔日手记
4211	这里有神耶
4213	2024拜年纪
4214	装扮小姐姐·冰晶奇缘
4215	谨贺龙年
4216	猫猫包烘焙坊
4217	梦幻乐园
4218	甜酷眠眠兔
4219	装扮小姐姐·铃梦午后
4220	猫不吃芒果
4221	装扮小姐姐·森之精灵
4222	奶茶鼠·新年快乐
4223	地雷系女孩克璐璐
4224	打工小狗日常
4225	尊嘟猴猴看
4226	你染上砂糖橘了
4227	人格贴纸-ISTJ
4228	原神-枫丹
4229	我佛持杯 佛系语录
4230	十二生肖庆龙年
4231	特色水产---表情包
4232	特效小哥大战建模小哥表情包
4233	莓可-w-（充电）
4234	夢冬oTo（充电）
4235	线条小狗-新春篇
4236	咲间妮娜收藏集
4237	天琅纪行 表情
4238	天琅纪行-表情包
4239	眠眠兔和他的朋友们
4240	快乐土豆子
4241	曾经黏人的狗狗
4242	猫蝶蝶的日常 第一弹
4243	少女破次元奇幻游
4244	龙年小黄豆
4245	双子
4246	普通小狗 萌兽出没
4247	龙年我直接暴富
4248	山海凤吟
4249	钓鱼佬日常
4250	闲闲的咸鱼
4251	韶颜剪水·表情包
4252	猫猫手电筒
4253	猪傻傻 春游
4254	装扮小姐姐·生日庆典
4255	五福呆呆鲨
4256	MBTI黄豆
4257	love me
4258	小妹睡不醒表情包
4261	喜欢小狗
4262	win98
4263	吗喽要变强
4264	保卫萝卜·团聚一刻
4265	树礼suki收藏集
4266	大耳SOSO
4267	梦珑奇境
4268	空之要塞
4269	卡皮巴拉小黄豚
4270	甲辰龙年转运表情包
4271	黎歌Neeko
4272	咩噗绒绒
4274	生肖 心动萌兔
4275	遇见猫咪
4276	Pisces
4286	绯色回响
4287	思维实验室（充电）
4288	雪地小土豆
4289	秘密表情包
4290	多特蒙德-黄黑无间
4292	出逃新娘
4294	故迟喵 扇舞流年
4295	3d膨胀风小青龙
4296	像素霓虹
4297	复古奶油小熊
4298	猫雷收藏集
4299	公主茶话会-iStella收藏集
4300	雪蕾豆（充电）
4301	榛葉nami装扮
4339	龍迪东
4340	爱心
4341	hangfook小动物新年快乐
4342	悍猛格挡
4343	小宠派对
4344	你最可爱啦
4345	hangfook今天不营业
4346	Biubiu小队小鼻噶
4347	像素游戏冒险
4348	世界是火锅
4349	呆呆鲨春日特辑
4350	茶茶龙 其乐融龙
4351	谢安然收藏集
4352	不鸭·新年快乐
4353	精致喵日常
4354	星座恋曲·水瓶瓶
4355	小龙敖耶
4356	Hangfook 龙运当头
4357	可爱豚豚
4358	盒娘
4359	螂的诱惑
4360	秋日猫猫
4361	核桃小鸭-龙年
4362	茶茶龙 五色限定
4363	Vsinger
4364	铃伊_Rei
4365	恋爱蒸汽波
4366	就是要睡觉啊
4367	懒羊羊吃西瓜
4368	非人哉2.0
4369	阿狸 恭贺新年
4370	猫好人坏
4371	雪糕芝士·纯白爱恋
4372	雪地小豆子
4373	心愿日历
4374	把新年的喜事炫嘴里
4375	酥酥学姐_（充电）
4376	可爱搞怪优质苹果
4377	最最可爱的熊猫猫·龙年特辑
4378	量子猫EH·小彩虹
4379	Warma（充电）
4380	鬼刀·海琴烟-收藏集表情包
4381	许愿烟花蜡烛
4382	熊猫家族冬季滑雪
4383	曼妆黛纱
4384	土豆教主·迎财神
4385	橙子miu收藏集
4386	心斋桥Ocuto·元气日记
4387	楚天明c（充电）
4388	MeYu白咲花
4389	土豆的故事
4390	狐宝是祥瑞
4391	圆桌动漫（充电）
4392	甲鱼班班·年年有鱼
4393	福祈樱龙
4394	一二龙年大吉
4395	和丘丘一起度过四季
4396	小黄豚迎新春
4397	爱狗狗安可的日常
4398	MerciFriends
4399	祈乃Nya
4400	洛·LUO表情包
4401	MerciFriends 快餐店
4402	萌龙家族 吉祥祝福
4403	斑和布布
4404	梦中见PUPPYBOY（充电）
4405	焦绿猫第四弹
4406	LUCKY LOONG
4407	条汤
4408	香奈美·追寻那道光 应援装扮
4409	TERADA TERA
4410	绘之音收藏集表情包
4411	表情2
4412	nono狗 芭比日记
4413	摸鱼新春会表情包
4414	2023新春猛男寨表情包
4419	普通小狗 福启新岁
4422	亏成首富从游戏开始
4423	蓝色监狱收藏集
4424	彩灯春赏
4425	正经狼咖-新年特辑
4426	急救顿感力
4427	龙娘飞天
4428	龙年大吉
4429	做你的堡
4430	五路小龙神财神
4431	唯佳酱·万物皆神明收藏集
4432	新年元气团子酱
4433	不四小羊-新年
4434	新年肥肥鲨
4435	全兽出击2
4436	yami-表情包
4437	小熊虫·新春收藏集表情包
4438	吸一口猫气
4439	好运龙 龙年大吉
4440	甜蜜告白
4441	付暔暔
4442	星月兔-龙年
4444	一点荧惑泳装
4446	大嘘U_S_O（充电）
4447	在下小狐兔·好运龙龙
4448	元七七-新年
4449	拜年添好运 仁仁有福气
4450	装扮小姐姐·福龙衔珠
4451	卡拉比丘-沐春
4452	功夫熊猫收藏集
4453	三丽鸥家族·新春特辑
4454	tokidoki 甜甜圈朋友们
4455	黑红米兰
4456	炸毛小天师-新年
4457	鹤仙子装扮
4458	哈哈龙新春祝福
4459	星座指示-双子座
4460	萌趣小可爱 平安喜乐
4461	龙年大巴黎 祥龙献瑞
4462	元宇宙小黄豆
4463	爱丽丝小熊
4464	LALIGA表情包
4465	吕和今拾光机主题表情包
4466	爱丽丝梦游仙境收藏集
4467	咬咬过新年
4468	米哦收藏集花朝月夕
4469	火柴人科目三
4470	国创龙年贺岁
4471	史迪仔收藏集表情包
4472	热刺绣新春 藏龙卧虎
4473	元气招财猫 新春
4474	汽车总动员收藏集
4475	小狗说新年旺旺
4476	Muse Dash·海边假日
4477	卷卷猫龙年大吉
4478	王者-龙祐千载
4479	辣糖甜心表情包2
4480	团圆兔兔万家灯火
4481	黏糊小猫过大年
4482	软萌熊猫猫·围炉煮茶
4483	蜜桃猫 长安上元节
4484	小飞龙
4485	新年小可爱 财源滚滚1
4486	初入江糊
4487	狐狸取闹
4489	龙年新春·杜松子表情包
4490	昨日青子-新春
4491	卷卷猫好运龙龙
4492	海虎表情包
4493	真相大面包的表情包
4494	能美枫铃
4495	压刹收藏集-新年萌驴
4496	卷卷猫过新年
4497	UOVA宇宙-LONG重登场
4498	龙腾啾跃-表情包
4499	痒局长表情包
4500	咕噜猫的收藏集
4501	泡芙酱DAZE表情包
4502	熊出没收藏集
4503	绫濑双双表情包
4504	Amuse收藏集表情包
4505	安可Anko
4506	喵小泽
4509	小小的小兔团儿表情包
4510	安晴Ankii生活集
4511	小初表情包
4512	伊索尔Sol
4513	念念新年装扮
4514	容量短剧（充电）
4515	雾雨威装扮
4516	巫小萤表情包
4517	与卿相伴-表情包
4518	新年
4520	穆小泠12生肖收藏集
4521	鹿野灸犬系少年
4522	伊吹小秋
4523	莫奈的猫2
4524	大D特D第二弹表情包
4525	初音未来三连快乐表情包
4526	宵鱼鱼表情包
4527	卢塔斐雅Lutafia收藏集
4528	玛萨咪收藏集表情包
4529	天使猫猫酱装扮限定表情包
4530	米茜2周年·甜蜜告白
4531	钟晨瑶·钟情于你
4532	咸鱼哥
4533	树付离铁三角2024
4534	栗子熊和欧气熊
4535	月明幻空
4536	Sawako · 梦境相遇
4537	季年Season
4538	插画家斋藤直葵（充电）
4539	冬雪莲装扮
4540	嘟油王特比额私楼慢
4541	奇力
4542	猫猫甜品屋
4543	糊糊小刺猬
4544	鳥取鹿子经典表情包
4545	我推的孩子
4546	病娇犬酱
4547	软萌松鼠芒奈piki
4549	季年
4552	小粉龙
4553	蟑小螂3
4554	童话特典·黄金岛
4555	旅行日记1
4556	古埃及之神-阿努比斯
4557	呆呆萨卡班甲鱼
4558	百妖谱收藏集
4559	薄巧小熊
4560	芭蕾
4561	奥特曼收藏集经典系列
4562	良小宝
4563	八珍玉食拜年纪
4564	踏春风
4565	像素猫meme宇宙
4566	桃杏Anchan
4567	柊真华RPG世界收藏集
4568	桃姆Q
4569	蔚蓝档案表情包
4570	天使女孩祈愿
4571	衣笠雪绘落雪绘境
4572	天下第一好
4573	漫画心动少女
4574	神谷奈月·冬日精灵
4575	灵魂潮汐2.5周年
4576	咕噜猫个性装扮
4578	咒术回战收藏集
4579	铃当Reito
4580	莎莎DE小狗表情包
4581	草药呐喵呜
4582	明前奶绿（充电）
4583	Hangfook小动物的精神日常
4584	粉粉
4585	甜宠叠叠乐
4586	去郊游
4587	庭树沐年表情包
4588	萌娘百科收藏集
4589	奶茶鼠的奇妙旅行
4590	武阎君Kushc（充电）
4591	自愿上学
4592	梦夏2
4593	甜味少女
4594	星座恋曲·传说
4595	小小娲·科学养娲
4596	捕星司收藏集表情包
4597	摇曳露营收藏集表情包
4598	像素·罪与爱同歌
4599	岚西啊喵表情包
4600	月见梨梨娅
4601	呼噜呼噜星野怜表情包
4602	你的灵魂看起来很不错
4603	花季风系少女
4604	春日小黄豆
4605	祁宝与春天
4606	海绵宝宝收藏集
4607	失去梦想变成大香肠
4608	迷你小可爱
4609	海兔幼稚园
4610	古希腊掌管的神
4611	12dora
4612	跳舞奶牛猫
4613	国风贴纸·你赢过吗
4614	一直吃谷一直爽
4615	爱心弥散看报小狗
4616	时光代理人画师联名表情包
4617	兔孜Tsuki·梦幻天籁
4618	星闪耀彩虹喵
4619	奇思和圆宝春日花花
4620	兔先生的打工日记
4621	大哉乾元表情包
4622	热热kkisu
4623	超天酱表情包
4624	快乐小熊崽
4625	沈剑心收藏集
4627	假面骑士·传奇骑士
4628	红小豆啵啵间
4629	兔兔猫猫相亲相爱
4630	法信Faxina表情包
4631	活力小螈
4632	鹅精病 慵懒生活
4633	沙石镇表情包2
4634	萨维球球
4635	雨乃表情包
4636	花·兔兔·爱丽丝
4637	微生人收藏集
4638	囚服
4639	春日缱绻
4640	春日猫猫
4641	兔兔露营记
4642	自由小浣熊
4643	夏日热浪
4644	春日小狗
4645	吊线木偶
4646	委蛇之宴表情包
4647	肥衬衫（充电）
4648	Miho·祈愿恋歌
4649	装扮小姐姐·心动告白
4650	卡弥洛白情装扮表情包
4651	TyrNoir白情装扮表情包
4652	MizunoAki梦中情狗表情包
4653	漫步宇宙少女
4654	兔眠可可白情收藏集表情包
4655	露冴一周年·一切很美只因有你
4656	灼夏Kira
4657	粉米花2
4658	粉红瓶瓶猪
4659	幽夜提灯
4660	盐月与白梨-婚纱
4661	洛维娅Lovia_
4662	蝶太·四季恋歌
4663	花花Haya收藏集
4664	陈玺颜
4665	苏恒台湾（充电）
4666	暗黑地雷系少女
4667	我家产品
4668	睡睡白情表情包
4669	雪兔三千（充电）
4670	少女手账
4671	四季的少女
4672	海的咏叹-表情包
4673	-Yu酱-个性装扮-白色誓约
4674	心流酱紫·收藏集
4675	X调查（充电）
4676	小鹿Lawrence（充电）
4677	来自魔法星球的姆Q
4678	小笨萝（充电）
4679	翘臀大擂台
4681	防道防不胜防表情包
4682	橘橘怪先生
4683	春日拟态 花园修狗
4684	马戏小兔
4685	咩栗呜米收藏集
4686	猫猫劝学计划
4687	晚酌梦
4688	伊梦入梦之旅主题表情包
4691	Vox收藏集
4692	完蛋 我被美女包围了
4693	鬼刀·幻境
4694	撕梓咩
4695	鹿死谁手
4696	奈包
4697	机动战士高达
4698	猫什么也没干
4700	黑原缚收藏集
4701	人格贴纸-INTJ
4702	普通小狗·爱神之约
4703	小美人鱼的抉择
4704	呆呆蝾螈
4705	功夫熊猫电影系列表情包
4706	萝莉一凡收藏集表情包
4707	樱酱表情包
4708	春日兔兔 浪漫郁金香
4709	国风小青龙
4710	Asaki新表情包
4711	北极熊第一套表情包
4712	小米米沙（充电）
4713	海虎武神系列 表情包
4714	黑桐谷歌表情包
4715	Hiiro收藏集
4716	是幼情呀收藏集
4717	可洛Cro_（充电）
4718	春日物语
4719	水亚天使
4720	甲鱼班班
4721	奇异几维鸟
4722	元气少女桃子酱
4723	小妖晶hush表情包
4724	甜蜜三丽鸥家族
4725	名画-带珍珠耳环的猫
4726	不四小羊愚人装扮
4727	小刘鸭博物馆
4728	蝴蝶修狗
4729	小丑鱼少女
4730	海绵宝宝
4731	派大星
4732	元七七夏季风
4734	年度表情
4735	2024愚人节·小会员
4736	犬川面面表情包
4737	泉泉天使喵
4738	达文奇的蛋 WEE崽·搞怪派对
4739	Lucubs专享表情包
4740	愚人节捣蛋猫猫
4742	澳洲大蟑螂鸟
4743	魔发精灵3表情包
4744	fufo愚乐一下
4746	星之念念
4748	Sheya收藏集-月食梦
4749	百变流银
4750	FKEY
4751	漆黑小狗
4752	植物少女
4753	月野汐缪
4754	NOV姐姐（充电）
4755	愚人小丑
4756	小丑标牌
4757	愚人节小黄豆
4758	6699愚人节古风限定
4759	这碗鱼的表情包
4760	愚人少女
4761	与凤行
4762	成为土豆
4763	星星的孩子
4764	百合汐明表情包
4765	多崽和大福
4766	漫画少女
4767	BanG Dream！
4768	国宝化灵第一弹表情包
4769	以闪亮之名一周年表情包
4771	肥肥鲨春游篇
4772	夏甜樱Sakura·樱花盛开时
4773	Wayne调查（充电）
4774	怪物丨魔女
4775	摸鱼打工人
4776	汉堡便当
4777	一只很难看清的青蛙王子波仔
4778	乐正绫九周年表情包
4779	最最可爱的熊猫猫·水墨山水
4780	风华录春韵表情包
4782	武林外传纪念画系列
4783	排骨教主表情包
4784	黄油小熊
4785	陈玺颜（充电）
4786	酒酒井Anri收藏集
4787	新世纪福音战士表情包
4788	有棵里里·禁欲心跳
4790	奇闻观察室（充电）
4791	G2·IEM成都限定收藏集表情包
4793	三只小恐龙-粉粉春日
4794	s属性大爆发 猫猫sleep
4795	奶淇琳浣熊
4796	春日狼咖
4797	粉蓝小可爱
4798	蓝月曼城
4799	战鹰收藏集
4800	云上动物园
4801	懒羊羊踏青日记
4802	普通小狗 少女乌托邦
4804	满屏可爱修狗
4805	小草
4806	鸽友会咕咕咕
4807	雨中Neo收藏集
4808	哥们虾
4809	奶油兔-公主收藏集
4810	2233水晶晨光
4811	犬夜叉表情包
4812	摆烂小猫 宅家版
4813	小狗meme
4814	哇咔团打工人
4815	柴桑 故乡的樱花开啦
4816	断手猫-星
4817	快乐躺平小可爱
4819	Hangfook幸福花园
4820	孙笑川258表情包
4821	入間綠
4822	泳装少女
4823	丁丁框个人收藏集-银河夜话
4824	三伏表情包
4825	冰狼族嗷嗷酱
4826	樱群表情包
4827	三只小恐龙-球球春日
4828	阿黛不太呆表情包
4829	樱花少女
4830	普通小狗·花野少女
4831	呆呆鲨打工记
4832	深空之眼 · 远遥空庭
4833	怪可爱的oddcutiy
4834	喽桑-故乡的撒库拉开了
4835	春韵熊猫雅集
4837	Hangfook黑猫奇遇记
4838	傲娇少女 园酱
4839	巧可
4840	崔高兴收藏集
4843	佐娜表情包
4844	绘画接稿综合征
4845	Liyuu收藏集
4846	像素猫宇宙2.0
4847	交错战线
4848	渺渺neko·修女的飨宴
4849	俺是河南嘞
4850	名侦探柯南收藏集·经典
4851	卡皮巴拉之春
4852	愚人小丑2
4853	f795bc
4854	浅川玉乃表情包
4855	我滴个龟龟
4856	腹黑病娇少女
4857	普通小狗·苹果乐园
4861	鬼刀·众生
4862	春日治愈猫猫
4864	蛙吹表情包
4865	戏里戏外又逢卿·416表情包
4866	蜜瓜兔（充电）
4867	八段锦
4868	粉扑扑春日初语表情包
4869	不秃狐狐探春天
4871	凯蒂猫·甜点时刻
4872	mikko草莓甜心
4873	桃核豆豆子表情包
4874	花丛小狐狸
4875	春日小猫花房
4876	FIVEver DLC表情包
4877	玻璃Bori
4878	天堂或地狱
4879	蒋七七表情包
4880	哇咔团-打工人日常
4881	焦绿少年不焦虑
4882	时间碎片
4883	一条大香蕉
4884	胖胖弟弟
4885	少年与白猫
4886	我系广东嘅
4887	pop子和pipi美2
4888	富大贵收藏集表情包
4889	弥希Miki
4890	琳汐汐吖表情包
4891	你是哪种Bee
4892	最萌的磊少年冒险录
4893	水狗
4894	奈奈莉娅伶俐集-表情包
4895	九色鹿
4896	ALLY李易臻（充电）
4897	以爱之名表情包
4898	神慶JINKEI收藏集KARAT-表情包
4899	童话里的小动物
4900	艾克家族-春日出游日记
4901	村霸鹅鹅
4902	卡皮巴拉情绪图鉴
4903	Tina 小魔女
4904	哥布林文学
4905	可爱团子·梦幻童话
4906	蟹不肉
4907	洛少爷收藏集表情包
4908	美式男孩M3
4909	椿屋小奈
4910	片玉碎影
4911	安洁洛特
4912	你的强来了
4913	熊猫夏日荷塘
4914	甩头小狗
4915	小蜜蜂嗡嗡嗡
4916	超萌Q版表情包
4917	发财的风吹到了我兜里
4918	春日缤纷少女
4919	可爱特调·涂鸦小动物
4920	2024纪录片开放周
4921	兔牙Sinar酱表情包
4922	血月红蝶收藏集表情包
4923	小兔草莓巧克力
4924	马刀刻森（充电）
4925	虚无边境
4926	朝仓鱼块AsakuraYukai收藏集
4927	i御十二收藏集_表情包
4928	有希小酱表情包
4929	眞白花音_Official（充电）
4930	柔情蜜意·专属表情包
4931	狛纳世界龙腾虎跃
4932	酸酸甜甜表情包
4933	花枝枝-春日的礼赞
4934	MrBoring无话不聊的无聊（充电）
4935	G2·2024MSI表情包
4936	干杯表情包
4937	我滴个龟龟2
4938	水系猫耳萌妹
4939	春日花开
4940	meric和它的朋友
4941	熊猫雅集-初夏已立
4943	我OUT
4944	bloom爱你
4945	斑和布
4946	M2档案（充电）
4947	永恒花嫁
4948	奶牛猫狗想和你一起玩
4949	眠眠兔上学记
4950	蜡笔小新玩具小卖部
4951	Hangfook 有钱鸟
4952	一只三脚咪
4953	炸虾啦
4954	茶茶太困了Q收藏集
4955	招财猫 彩虹涂鸦
4956	羊圆圆青青草原
4957	从前有颗梗菜
4958	春樱喵喵表情包
4959	浮生若梦
4960	Mokuji的日常
4961	主力犬Juriken
4962	戴草帽的小果
4964	破碎
4965	自由
4966	养女儿系列-白毛红瞳
4967	爱神之箭
4968	旋转小羊
4969	骷髅三兄弟
4970	羊圆圆 膨胀风梨梨
4971	叶罗丽
4972	插画师藤choco 第一弹 改
4973	铃当二周年
4974	兔眠可可（充电）
4975	莫生气人生就像一场戏
4976	可爱森林总动员
4977	超撅卡皮巴拉打工记
4978	OO抱抱地球 Always Love
4979	寺田收藏集 重构色彩.
4980	寺田收藏集 重构色彩
4981	小猫不焦虑
4982	焦绿猫的焦虑日常
4983	晚安大小姐
4984	多多收藏集表情包
4985	超能敢死队
4986	莞儿睡不醒收藏集
4987	黑猫便利店
4989	清清凉凉一起玩水呀
4990	多崽大福可爱多
4991	2233木偶
4992	洋娃娃
4993	手势大全
4994	猫猫便利店
4995	连翘同学收藏集 悦舞轻尘
4996	杀手疾风号
4997	FTJ
4998	蟹佬海鲜餐
4999	春日小黑猫
5000	杨楚楚和小白龙
5001	被画画霸凌的一生
5002	红小豆之丘比特
5003	花見团子喵-表情包
5004	兰音Reine收藏集·第二弹
5005	小狐狸表情包
5006	疯狂动物城2
5007	阳春赏樱
5008	减肥小狗
5009	墨清弦六周年纪念表情包
5010	BLG·2024MSI纪念
5011	波乌咘·我在公司很想家
5012	冉尘瑶测试
5013	粉黛乱子收藏集
5014	千璃Chili表情包
5015	沐东一520装扮
5016	钟晨瑶·偏爱
5017	纱耶·舞会表情包
5018	奇点时代·恋爱周年
5019	池年遥海聆音收藏集
5020	夜若曦表情包
5021	春色撩人表情包
5022	熊猫花园
5023	花时予你
5024	纱音Syanon
5025	鸣潮
5026	Capybara夏日
5027	poni猫2.0
5028	粉兔小恶魔
5029	鬼畜黄脸
5030	多巴胺脸脸
5031	病名为爱
5032	机皇回归
5033	小鬼异录
5034	春卷饭10周年表情包
5035	电子女鹅
5036	邂逅她的少女时代 表情包
5037	卤子和豆腐脑
5038	淡淡的
5039	小黑猫的国风世界
5040	汤圆四水收藏集
5041	mikko-丘比特之箭
5042	治愈小猫紫
5043	庆余年表情包
5044	美食萨卡班
5045	肥肥鲨情侣时光
5046	兔兔.
5047	小黄豆的饭
5048	梨安小日常
5049	花开富贵
5050	幻境序曲白昼表情包
5051	Hangfook森林总动员
5052	猫你太美
5053	群青少女
5054	下里巴熊皮真皮
5056	太阳星sunstar（充电）
5057	养女儿系列-樱桃上学记
5058	汉化日记
5059	小片片说大片（充电）
5060	巨头两个半（充电）
5061	破茧2收藏集
5062	烟火表情包
5063	哇咔团·童趣拾光
5064	大理寺日志收藏集
5065	漫画魔物娘
5066	mikko·云间梦境
5067	鲨猫的牛马日常
5068	露米露娜收藏集表情包
5069	甲鱼班班 · 鱼你童行
5070	鸭鸭荷塘漫步
5071	花语梦境
5072	柠檬小猫
5073	旅行日记-幽幽
5074	我和我对家-漫画收藏集
5075	史诗级韭菜（充电）
5077	JellieMons 快乐时光
5078	山海
5079	nono狗·童梦时光
5080	小荔枝真可爱
5081	柚恩不加糖收藏集
5082	假面骑士555
5083	熊猫雅集-端午安康
5084	躺倒鸭仲夏之旅
5085	汤圆兔不圆
5087	房房别闹（充电）
5088	春日小狗咖啡厅
5089	国风·兔兔桃花源
5090	E-ZOO
5091	有兽焉动画收藏集-可动塔罗Q版
5092	桧塔HATA
5093	星有野宇宙-表情包
5094	Hangfook 彩色星球
5095	小丸520装扮表情包
5096	仓鼠表情包DLC 日常篇
5097	獭耳
5098	禾兮子收藏集 表情包
5099	西四表情包
5100	罗塞菈Rosella周年纪念表情包
5101	别查我logs
5102	小欠欠 修猫emoji
5103	小猫小狗小朋友
5104	四斋蒸鹅心
5105	放映机
5106	机械少女
5107	吉祥物
5108	战斗少女
5109	蔷薇时钟
5110	中古商店
5111	鸭梨牛马
5112	星时影迹
5114	赤夜蔷薇
5115	轮回之息
5116	元气小姐姐
5117	坠落·空
5118	碎镜天鹅
5119	三丽鸥收藏集dlc
5120	九丸叽
5121	MEEM夏日收藏集
5122	Henry的小木屋（充电）
5123	骑上我心爱的小摩托
5124	笑微微来
5125	Oime_D小狗
5126	米奇的其余冒险表情包
5127	BW2024
5128	瓦妮Vanee·笨鳄多端
5129	炸毛小黑球
5130	BEE BEE小咪蜂
5131	白荆回廊·尤尼 UNI
5132	Richie Rich
5134	薄荷曼波黑猫
5136	米哦收藏集12星座祝福
5137	一起打麻将
5138	最最可爱的熊猫猫·端午特辑
5139	小黄豆的一天
5140	哥们虾2.0
5141	猫咪天堂
5142	东爱璃收藏集
5143	黎歌·表情包
5144	美味中华
5145	粥粥表情包
5146	不秃狐狐-夏日乐悠悠
5147	黑椒糖唯酢（充电）
5148	兮子cc（充电）
5149	三丽鸥家族·甜品家园
5150	Hangfook探险记
5151	酸柚粥sayo
5152	数码宝贝02电影表情包
5153	鹿炘不是鹿斤
5154	mikko·黑粉相簿
5155	大瓜老师·甜瓜小燥
5156	bml
5157	hololive0期生收藏集
5158	miiiiichan我是狗狗
5159	pedro小浣熊
5160	酒友Tarot（充电）
5161	地娘说
5162	夏日小灰灰
5163	深雪表情包
5164	阿狸 春日花语
5165	端午小灰灰
5166	喜羊羊与灰太狼 缤纷漫画
5167	宣小纸不怕火收藏集
5168	神奈希-夏日
5169	海绵宝宝和伙伴们
5170	Aimer
5171	白夜极光·反叛灼燃之日
5172	月逍天花儿与少年表情包
5173	星空列车与白的旅行表情包
5174	凌幸福花绽表情包
5175	智能路障（充电）
5176	熊熊与兔兔的友谊日
5177	哟蔻桃桃收藏集表情包
5178	装扮小姐姐·风吹花海
5179	柯莱因人世乐游表情包
5180	花与晴空雨-表情包
5181	洛德薇安Ludivine
5182	黎知知心花语表情包
5183	子不言吾不语s（充电）
5185	aki秋水（充电）
5186	萌萌懒羊羊
5187	昭唏唏唏
5188	干杯！毕业歌会动态表情包
5189	椋笙栗Kuri·星河夏夜
5190	莫千回（充电）
5191	夏日拾光
5192	十五周年
5193	四季有福
5194	温室vol.3 这个夏天唯一的爱
5195	mikko·糖果旋律
5196	ENTP学长
5197	波呜咘的度假日
5198	夏天天使
5199	逻辑小猫收藏集
5200	Electronic
5201	米尼麦尼轰
5202	相遇天使动态表情包
5203	逻辑小猫收藏集动态表情包
5204	夏日泳装派对
5205	励志熊
5206	鬼刀·众生动态表情包
5207	小熊虫星座卡动态表情包
5209	李奶奶塔罗（充电）
5211	展麟溯音而行主题表情包
5212	春色撩人动态表情包
5213	兰音换衣间动态表情包
5214	禁欲心跳动态表情包
5215	神妖惑众动态表情包
5216	大壮快乐屋
5217	治愈小熊joy
5218	桃米和莓比的日常
5219	星语星愿
5220	HeWu狐
5221	搞怪小灰灰
5223	怪兽8号收藏集
5224	恋爱周年动态表情包
5225	黄Mier表情包第一弹
5226	可爱夏露露动态表情包
5227	纯挚童话动态表情包
5228	NERI档案室动态表情包
5230	秘密花园动态表情包
5231	平行月球 夏日凉凉
5232	倾心慕风动态表情包
5234	雪狐桑·表情包
5236	关于心动动态表情包
5237	桃核豆豆子动态表情包
5238	有兽焉可动塔罗
5239	Fivever动态表情包
5240	-ASAKI-动态表情包
5241	邂逅粉粉鲨
5242	是熊猫不是浣熊呀
5244	奶茶鼠夏日时光
5245	招财猫 好运连连
5246	小巫酱w（充电）
5247	筱沫表情包
5248	MEEM镜面模因动态表情包
5249	沐霂小日常
5250	星引擎party闪亮启航 表情包
5251	早凉·表情包
5252	谷谷不是歌姬（充电）
5253	复古拼贴卡皮巴拉
5254	蝴蝶病娇少女
5255	夏日薄荷小可爱
5256	鹅鹅的情绪
5257	人格类型 rest
5258	甜心卷卷猫
5259	初音未来梦色星球
5260	雪绘收藏集表情包
5261	小熊joy惬意时光
5262	王道IDOL动态表情包
5263	史迪仔影漫表情包
5264	面包小狗
5265	兔兔藕花深处
5266	庭树沐年动态表情包
5267	来自未来的阿克提克
5268	土豆服务器
5269	时光LIVE音乐企划
5270	小狗秘密文档
5271	叽叽哇哇哈哈镜
5272	夏语动态表情包
5273	嘉祐生宣（充电）
5274	夏语
5275	动物派对
5276	摸鱼日常动态表情包
5277	该用户已注销
5278	雨路同行-表情包
5279	萌宠捏捏
5280	米虫尼奈收藏集
5281	火柴人AlanBecker（充电）
5282	真实球迷汇（充电）
5283	洛天依·收藏集表情包
5284	雷索纳斯
5285	封茗囧菌收藏集·风象双子
5286	星汐收藏集
5287	幻夏恋歌动态表情包
5288	导演BK（充电）
5289	SERGEY谢尔盖（充电）
5290	诺诺的收藏集
5291	卦者灵风收藏集
5292	小熊猫
5293	圣女小薇
5294	酒菜禾子收藏集第二弹表情包
5295	泡芙酱DAZE动态表情包
5296	我的可爱小狗
5297	大耳狗·海盐薄荷
5298	兔兔包食物语
5299	西游表情包
5300	章鱼猫猫
5301	永雏塔菲仲夏集
5302	丑陋小仓鼠
5304	时光LIVE
5305	海绵宝宝dlc
5306	米饭和年糕的小屋
5307	天使三丽鸥家族
5308	怂鼠-元气少年
5309	歪嘴小猫
5311	生之如舟_（充电）
5312	哥伦比亚百年狸叶特辑
5313	奶茶鼠圣诞日
5314	叫紫薯的松鼠
5315	好徒儿你就饶了为师吧·漫画收藏集
5316	卡萝尔表情包
5317	破晓
5318	Animal第四弹
5319	夏日furry-荷塘金鱼姬
5320	白桃与猫
5323	肥喵与兔纸-肥喵餐厅
5324	言和十一周年纪念表情包
5325	蜜汁工坊
5326	满庭芳·翠影华章
5328	帕恰狗·多彩唱片
5329	多彩海绵宝宝
5330	章鱼哥
5331	林鸽不是鸽（充电）
5332	落凡尘收藏集
5333	nono狗收藏集
5334	名侦探柯南30周年
5335	雫lulu收藏集
5336	卷卷猫开心牧场
5337	停谷的意思是 不停地买谷
5338	雪糕魔法
5339	夏色恋忆表情包
5340	李艺彤表情包
5341	黄金时刻表情包
5342	恶鬼少女和骷髅猫
5343	白椰椰夏日限定
5344	理想ideal夏日主题装扮
5345	长相思收藏集
5346	陆鳐LuLu表情包
5347	星光织梦
5348	悠享女仆
5349	小女仆
5350	醉晚霞
5351	晴海猫步·表情包
5352	兔总裁表情包
5353	夏日可爱小柴
5354	黛玉葬食人花
5355	圣女祈愿动态表情包
5356	豆泥大陆动态表情包
5357	昼歌里宇宙乐章
5358	程序崩溃中
5359	夏威夷小黄豆
5360	蓝色派对表情包
5361	洛天依心律共鸣表情包
5362	走路摇zly
5363	夏日幻想曲表情包
5364	星垣澪
5365	仓鼠天小莫-福瑞
5366	哈鹿收藏集表情包
5367	罗了个杨（充电）
5368	赖克宝吃天鹅肉（充电）
5369	喜羊羊与灰太狼的一天
5370	起氏双子-忆起鸿裳
5371	小只芋收藏集表情包
5372	金鱼夏恋·专属表情
5373	多多收藏集2表情包
5374	尾尾元气喵
5375	胡桃Usa收藏集
5376	春野萌
5377	驴驴生日庆典
5378	老骚豆腐·智斗迷局
5379	早凉（充电）
5380	表情包-顾晓Khaos·天鹅湖夏日派对
5381	我的三体
5382	椭奇表情包
5383	夏日泳装
5384	神渴望着游戏
5385	幽灵车·表情包
5386	安晴Ankii（充电）
5387	切茜娅收藏集·表情包